href,title,views,favorite,good,bad
/Movie/detail.aspx?id=YkpofSh06y0%3d,齐木楠雄的灾难第2季,4200,99,63,0
/Movie/detail.aspx?id=HtKf9JTJAOc%3d,紫罗兰永恒花园,23982,450,344,21
/Movie/detail.aspx?id=lAhRiBc3C8o%3d,不死者之王第2季,54874,772,529,17
/Movie/detail.aspx?id=9NS206S2Wys%3d,学园奶爸,11214,185,152,8
/Movie/detail.aspx?id=O4Ti8CobqZY%3d,擅长捉弄人的高木同学,9400,148,98,6
/Movie/detail.aspx?id=mmsfrTurNlU%3d,飙速宅男第4季,8693,86,61,2
/Movie/detail.aspx?id=lPdgl8w5Vvs%3d,银魂最终章,15701,240,159,7
/Movie/detail.aspx?id=8I3Ejhz67Xc%3d,魔卡少女樱透明牌篇,52541,719,707,22
/Movie/detail.aspx?id=r0OpIraX7Fo%3d,七大罪第2季,26935,389,286,16
/Movie/detail.aspx?id=b%2bempYiofSY%3d,武庚纪第2季,16013,126,85,16
/Movie/detail.aspx?id=v%2fX2sukXwfU%3d,犬舍,146738,744,854,84
/Movie/detail.aspx?id=KK8uO5zYyH0%3d,干物妹！小埋第2季,120496,558,617,85
/Movie/detail.aspx?id=qNp6Rj2JnqQ%3d,血界战线第2季,96104,454,341,34
/Movie/detail.aspx?id=w220mXGYHvY%3d,魔法使的新娘,111614,727,859,73
/Movie/detail.aspx?id=NG6S0kbCUao%3d,鬼灯的冷彻第2季,82223,426,373,44
/Movie/detail.aspx?id=%2bhpL5p0kMfA%3d,十二大战,186524,689,404,152
/Movie/detail.aspx?id=oswzcZ65YCo%3d,食戟之灵第3季,427694,1416,1535,194
/Movie/detail.aspx?id=smP1%2bNVyOyU%3d,黑色五叶草,130886,642,553,65
/Movie/detail.aspx?id=MTQOzS2d3o4%3d,银魂走光篇,105848,458,641,44
/Movie/detail.aspx?id=b8yGb7IRPIA%3d,大护法,61344,390,462,75
/Movie/detail.aspx?id=mBUt8dP10LI%3d,全职法师第2季,158851,661,778,193
/Movie/detail.aspx?id=54LFKJgG31w%3d,地狱少女第4季,53621,206,266,62
/Movie/detail.aspx?id=V1XdQhOANKE%3d,欢迎来到实力至上主义教室,208857,1000,1105,200
/Movie/detail.aspx?id=X5FsKlWj9Rk%3d,来自深渊,98784,622,578,66
/Movie/detail.aspx?id=tkkOOJVo7sA%3d,恋爱禁止的世界,69175,330,333,94
/Movie/detail.aspx?id=eSMBkJyyrx0%3d,骑士与魔法,192713,856,1123,239
/Movie/detail.aspx?id=eE%2fKu1tW2Ew%3d,狂赌之渊,132455,648,564,93
/Movie/detail.aspx?id=hcbq7%2fhIoKM%3d,活击-刀剑乱舞,56355,208,148,45
/Movie/detail.aspx?id=0UUMjySJjrY%3d,Fate Apocrypha,213068,864,582,200
/Movie/detail.aspx?id=aKjDOjEuBcY%3d,瑞克与莫蒂第3季,114722,609,619,75
/Movie/detail.aspx?id=i0TZ3by7M6E%3d,夏目友人帐第6季,120013,676,1343,63
/Movie/detail.aspx?id=k3OBjsMpzZc%3d,全职高手,714538,3150,7036,674
/Movie/detail.aspx?id=LtR%2fGEZ775M%3d,博人传,939338,2500,3172,905
/Movie/detail.aspx?id=2aGLezX2DZk%3d,进击的巨人第2季,957718,3278,4244,653
/Movie/detail.aspx?id=N0GHRRqXQVc%3d,我的英雄学院第2季,358421,1179,1658,327
/Movie/detail.aspx?id=mWPSMQ5qzig%3d,机器猫中篇,12947,35,158,6
/Movie/detail.aspx?id=jBelhbxNsms%3d,排球少年第2季,111490,246,549,51
/Movie/detail.aspx?id=dS58p4jXlVE%3d,熊猫家族,3854,27,9,1
/Movie/detail.aspx?id=kAD0MyKTtkc%3d,赌博默示录第2季,971,11,14,1
/Movie/detail.aspx?id=R0UyC9I63Ho%3d,赌博默示录第1季,1436,15,16,1
/Movie/detail.aspx?id=QE0FGGTp2fw%3d,妄想代理人,1999,33,12,2
/Movie/detail.aspx?id=Y8%2fQ8hyn3N8%3d,狼与香辛料第2季,904,16,19,0
/Movie/detail.aspx?id=m7N94rlfph0%3d,狼与香辛料第1季,2028,30,23,2
/Movie/detail.aspx?id=BeVOKPkz41A%3d,某科学的超电磁炮,3671,42,48,6
/Movie/detail.aspx?id=jJrDPJhlUxs%3d,电脑线圈,1734,21,17,1
/Movie/detail.aspx?id=1Hp5I%2bgPxEQ%3d,DARLING in the FRANXX,10293,160,41,7
/Movie/detail.aspx?id=yfE6UrUtHeA%3d,银河英雄传说,2988,43,33,3
/Movie/detail.aspx?id=eDU7zV2gRBc%3d,没有心跳的少女BEATLESS,10614,170,43,16
/Movie/detail.aspx?id=irdb6gRrV1s%3d,牙斗兽娘,5291,66,17,9
/Movie/detail.aspx?id=%2bdnpcsZbt38%3d,霸穹封神演义,8474,78,29,12
/Movie/detail.aspx?id=vyz8tLUNhsk%3d,博多豚骨拉面团,7318,131,27,4
/Movie/detail.aspx?id=8CJpiXdUrIM%3d,妖精森林的小不点,6668,100,39,3
/Movie/detail.aspx?id=l0e9%2fVSObkg%3d,我们的存在,5717,66,33,7
/Movie/detail.aspx?id=zYvKRg%2bXkno%3d,宅饮,2478,33,6,1
/Movie/detail.aspx?id=tZLW0DH611A%3d,小木乃伊到我家,6392,189,90,2
/Movie/detail.aspx?id=M098k%2fEzX%2fQ%3d,粗点心战争第2季,4233,53,16,3
/Movie/detail.aspx?id=s3%2bxJipTjBc%3d,爱在雨过天晴时,4546,84,27,3
/Movie/detail.aspx?id=1bZDdFYSq4A%3d,爆肝工程师的异世界狂想曲,13145,282,105,10
/Movie/detail.aspx?id=U7PdonBSlRY%3d,原书·原书使,3684,39,9,4
/Movie/detail.aspx?id=JuTXlWJk940%3d,星空清理者,6976,52,24,3
/Movie/detail.aspx?id=CE5NTB05Q3U%3d,刀语,4533,44,24,2
/Movie/detail.aspx?id=BxHpwiUGwJs%3d,妖神记第2季,8199,106,81,12
/Movie/detail.aspx?id=h9n3tjF0Pfg%3d,猫和老鼠,33381,117,205,29
/Movie/detail.aspx?id=8rvUxPvgC28%3d,灌篮高手重制版,183874,374,1161,145
/Movie/detail.aspx?id=I4X1bhQBat4%3d,第十一名前锋,16539,46,59,19
/Movie/detail.aspx?id=JzVPvzJ7SEc%3d,废柴王子,5747,46,11,6
/Movie/detail.aspx?id=d5irIaMItEg%3d,噬魂师NOT,2958,20,15,1
/Movie/detail.aspx?id=Mue8uNlHHlI%3d,噬魂师第1季,10338,105,67,5
/Movie/detail.aspx?id=nOgIbBonIfs%3d,南方公园电影版,4378,35,35,6
/Movie/detail.aspx?id=KHT4fXdk1As%3d,吸血鬼骑士第2季,2955,40,50,0
/Movie/detail.aspx?id=E2zISwbFqaA%3d,吸血鬼骑士第1季,3591,43,59,0
/Movie/detail.aspx?id=jjHqEWdOMTU%3d,樱花忍法帖,6537,73,20,4
/Movie/detail.aspx?id=UCMUe7Xwynw%3d,龙王的工作,8278,95,29,5
/Movie/detail.aspx?id=2X6bpXwQrRI%3d,南方公园第21季,2559,27,27,1
/Movie/detail.aspx?id=pRZ56U8%2b00c%3d,南方公园第20季,1008,10,9,0
/Movie/detail.aspx?id=0lhBZ5PR0p4%3d,南方公园第19季,640,9,3,0
/Movie/detail.aspx?id=gk0iYQKsZRU%3d,南方公园第18季,449,10,2,2
/Movie/detail.aspx?id=jxsmOFYa2uA%3d,南方公园第17季,609,11,4,0
/Movie/detail.aspx?id=cAW4otAuybk%3d,刻刻,10861,163,37,8
/Movie/detail.aspx?id=sh4QcQPg9kY%3d,刀剑乱舞-花丸第2季,7999,44,41,6
/Movie/detail.aspx?id=I7oGZZY0ir0%3d,三颗星彩色冒险,1557,6,6,0
/Movie/detail.aspx?id=gsb%2fsdxCnZE%3d,IDOLiSH7-偶像星愿,2708,28,13,4
/Movie/detail.aspx?id=Pn3VMXGuLUw%3d,pop子和pipi美的日常,7059,56,20,12
/Movie/detail.aspx?id=BdeMDF4rd0A%3d,夏目友人帐第5季,162377,903,2670,126
/Movie/detail.aspx?id=FzHCCPbbKcQ%3d,蜡笔小新2010剧场版,52477,57,855,76
/Movie/detail.aspx?id=tQrlnrhqMIg%3d,虫师 续章,36112,192,155,21
/Movie/detail.aspx?id=3MkxoL3lD%2bc%3d,Slow Start,2793,27,16,4
/Movie/detail.aspx?id=2qQoZj7DFPQ%3d,citrus柑橘味香气,16076,194,92,8
/Movie/detail.aspx?id=bADLyaHSIBs%3d,三丽鸥男子,4873,57,14,8
/Movie/detail.aspx?id=0vpZSoTHFfQ%3d,伊藤润二惊选集,12088,198,69,11
/Movie/detail.aspx?id=hohlsWvaqC8%3d,至爱梵高,15491,350,235,9
/Movie/detail.aspx?id=zNsT9ORiBwA%3d,南方公园第16季,1269,14,12,2
/Movie/detail.aspx?id=RvjSeFD5lSU%3d,南方公园第15季,739,10,7,3
/Movie/detail.aspx?id=76mW3hfcwvk%3d,南方公园第14季,504,8,3,1
/Movie/detail.aspx?id=dLv7ktFXSVg%3d,南方公园第13季,397,7,3,0
/Movie/detail.aspx?id=FvhEJXC0TR4%3d,恶魔人,16036,169,122,13
/Movie/detail.aspx?id=1hUXbCfyMRc%3d,皇帝圣印战记,15139,162,51,17
/Movie/detail.aspx?id=odonAJpJZWI%3d,刀使的巫女,10483,89,28,9
/Movie/detail.aspx?id=v4arWpw%2bZ28%3d,魔女宅急便,22295,318,165,10
/Movie/detail.aspx?id=a6aTUq3B9P0%3d,超时空要塞F-虚空歌姬,14501,48,10,6
/Movie/detail.aspx?id=JJ5VeDmVHjU%3d,人形电脑天使心,12021,105,138,10
/Movie/detail.aspx?id=KqMDisM%2ffGk%3d,哆啦A梦新番,138624,253,678,109
/Movie/detail.aspx?id=6Sa1kSgWayo%3d,神偷奶爸,53191,200,419,24
/Movie/detail.aspx?id=370qzUjTUsQ%3d,大雄的人鱼大海战,11887,37,179,6
/Movie/detail.aspx?id=YxyDlsXWgCQ%3d,怪物史莱克4,10166,55,59,6
/Movie/detail.aspx?id=yx3tStfPFs4%3d,轻旅轻营,4988,49,24,1
/Movie/detail.aspx?id=b94Z%2fQlgW1g%3d,南方公园第12季,1085,9,9,4
/Movie/detail.aspx?id=AQs%2bvURb5Us%3d,南方公园第11季,493,8,8,1
/Movie/detail.aspx?id=0z12m%2fjJ18A%3d,南方公园第10季,395,7,7,3
/Movie/detail.aspx?id=TaGbPdwCnRw%3d,南方公园第9季,327,8,8,1
/Movie/detail.aspx?id=bXGv%2bZUEEGg%3d,爱吃拉面的小泉同学,8678,102,27,6
/Movie/detail.aspx?id=y6SCq5voOWI%3d,南方公园第8季,869,12,8,2
/Movie/detail.aspx?id=35UBiaG5jj0%3d,南方公园第7季,503,14,5,1
/Movie/detail.aspx?id=QX%2fKo7Skzmk%3d,南方公园第6季,390,12,5,1
/Movie/detail.aspx?id=6hsBEqSxVbg%3d,南方公园第5季,382,13,5,1
/Movie/detail.aspx?id=DicMqRrVEJs%3d,南方公园第4季,981,18,8,0
/Movie/detail.aspx?id=lyoL6eIh9TQ%3d,南方公园 第3季,524,19,5,1
/Movie/detail.aspx?id=PsWdk4XF3WA%3d,舞武器舞乱伎第2季,22916,68,55,18
/Movie/detail.aspx?id=Ue9ZyxgIIMQ%3d,数码宝贝第7部,91779,191,351,123
/Movie/detail.aspx?id=fuXd6EL9KAM%3d,南方公园第2季,863,22,13,2
/Movie/detail.aspx?id=kfqhV8h35OI%3d,南方公园第1季,6497,81,53,3
/Movie/detail.aspx?id=rMbdl33cIuE%3d,比宇宙更远的地方,5520,43,17,1
/Movie/detail.aspx?id=fCwZGpsQCD0%3d,咱们裸熊第3季,3482,58,68,5
/Movie/detail.aspx?id=xhJjVwdYqA8%3d,咱们裸熊第2季,1635,48,43,4
/Movie/detail.aspx?id=gG4Y0w%2bLyIw%3d,咱们裸熊第1季,6421,117,107,2
/Movie/detail.aspx?id=CG5ZGhaCwIw%3d,卫宫家今天的饭,15100,166,76,6
/Movie/detail.aspx?id=EBhAamOfe8A%3d,少年犯之七人,11791,88,85,11
/Movie/detail.aspx?id=6w6oSjJHJVs%3d,甲贺忍法帖,7380,78,69,7
/Movie/detail.aspx?id=p0Tc8w9ZI3o%3d,江户盗贼团五叶,3643,56,20,0
/Movie/detail.aspx?id=UtAhGXfxs9w%3d,恶作剧之吻,4317,37,54,1
/Movie/detail.aspx?id=aJn1u%2bDg4BU%3d,昆塔剧场版系列,4888,8,36,12
/Movie/detail.aspx?id=%2f4ldh3ZR%2btA%3d,剑豪生死斗,7609,64,45,7
/Movie/detail.aspx?id=WNA5ZKBCmjY%3d,殺戮都市,10089,85,58,13
/Movie/detail.aspx?id=lIAsqo0gPhA%3d,替身,11131,117,124,11
/Movie/detail.aspx?id=y9vCIOW%2bgT4%3d,摇曳百合第3季,1114,12,13,0
/Movie/detail.aspx?id=TxVi34r4pbg%3d,她和她的猫,5796,71,55,3
/Movie/detail.aspx?id=CSwchJk3c%2fE%3d,再见，绝望先生第3季,3827,18,4,3
/Movie/detail.aspx?id=U5eFFOzzxyw%3d,再见，绝望先生第2季,1601,21,6,2
/Movie/detail.aspx?id=kSEQkq8ui88%3d,再见，绝望先生第1季,5785,60,16,5
/Movie/detail.aspx?id=yORP9blXfDs%3d,哥特萝莉侦探事件簿,7224,76,102,4
/Movie/detail.aspx?id=PU0Mk3UFhzs%3d,钓球,6077,26,18,5
/Movie/detail.aspx?id=dcObKM7Gb48%3d,特别的她,4996,25,9,3
/Movie/detail.aspx?id=1imqqQkL100%3d,天元突破剧场版：螺岩篇,8112,44,23,4
/Movie/detail.aspx?id=PoGmnKFssp4%3d,恐龙特急克塞号,6255,18,20,8
/Movie/detail.aspx?id=c88UaD8gkFs%3d,魔发精灵,78242,258,611,116
/Movie/detail.aspx?id=qqnh5IKjtPs%3d,机器人总动员,33680,321,772,32
/Movie/detail.aspx?id=6hJ0rP%2bW%2fMU%3d,天元突破剧场版：红莲篇,7406,35,23,4
/Movie/detail.aspx?id=2Er3%2farLmbc%3d,坂道上的阿波罗,2295,18,20,0
/Movie/detail.aspx?id=Q0wNgcHD2a4%3d,灼眼的夏娜第3季,2963,32,17,3
/Movie/detail.aspx?id=gDCprGrUh8o%3d,灼眼的夏娜第2季,1788,27,18,0
/Movie/detail.aspx?id=RV%2fAo8717wM%3d,灼眼的夏娜第1季,6291,47,39,7
/Movie/detail.aspx?id=%2bysd3SMdN4Q%3d,精灵宝可梦：就决定是你了！,25346,112,305,23
/Movie/detail.aspx?id=G3y%2f1u8e9uM%3d,天元突破红莲之眼,9300,100,71,2
/Movie/detail.aspx?id=m7rViuWYWTU%3d,爱神巧克力第2季,7124,44,55,4
/Movie/detail.aspx?id=pjDTwuzsPCQ%3d,天才麻将少女：全国篇,3138,17,19,3
/Movie/detail.aspx?id=5YZx2o5issY%3d,天才麻将少女：阿知贺篇,2079,10,15,3
/Movie/detail.aspx?id=ra6C1FCMWKw%3d,天才麻将少女,3701,21,45,4
/Movie/detail.aspx?id=Tf%2fBtWfEECE%3d,青之文学,11935,131,38,5
/Movie/detail.aspx?id=l0zoWL3BlEk%3d,美妙天堂,3638,20,108,7
/Movie/detail.aspx?id=kWJnroUQoQ4%3d,巨怪猎人第2季,14027,45,29,8
/Movie/detail.aspx?id=IAPxLGwP010%3d,交响情人梦,7053,69,73,3
/Movie/detail.aspx?id=Guq6YNWJtuA%3d,交响情人梦巴黎篇,2467,31,33,0
/Movie/detail.aspx?id=%2bMNwf1iMiCU%3d,摇曳百合第2季,1024,16,11,1
/Movie/detail.aspx?id=cFshSr5HYZ4%3d,摇曳百合,2160,22,18,2
/Movie/detail.aspx?id=V7GHpUV%2fevo%3d,来自新世界,5104,63,44,12
/Movie/detail.aspx?id=2Q3a0zVXDAk%3d,宇宙丹迪,3281,37,22,1
/Movie/detail.aspx?id=byc7XVxHkDI%3d,宇宙兄弟,4650,50,67,1
/Movie/detail.aspx?id=VS7WLDg1yRg%3d,逆光之颤,6447,21,7,11
/Movie/detail.aspx?id=NJF9E8GdAVM%3d,南家三姐妹剧场版,4043,26,15,2
/Movie/detail.aspx?id=P2oOVwrnkVo%3d,男子高中生的日常,5996,60,105,5
/Movie/detail.aspx?id=JQW0%2bEHZCeA%3d,交响情人梦终曲,3099,35,42,3
/Movie/detail.aspx?id=MFw58ph0Bco%3d,超时空要塞ZERO,9160,35,10,7
/Movie/detail.aspx?id=kMok9zbfykk%3d,海贼王之黄金城,209020,1026,732,264
/Movie/detail.aspx?id=oyyZ33OJpWs%3d,山口山战记,57392,68,203,40
/Movie/detail.aspx?id=q4ZMnC2qFHw%3d,南家三姐妹第4季,2650,20,25,4
/Movie/detail.aspx?id=AFIn0VHPau8%3d,南家三姐妹第3季,1282,17,11,1
/Movie/detail.aspx?id=sAW29bWHCmc%3d,南家三姐妹第2季,1490,18,16,3
/Movie/detail.aspx?id=d3G51ZuPK2U%3d,南家三姐妹第1季,5100,41,32,5
/Movie/detail.aspx?id=3npK0Esyijs%3d,守护甜心第2季,6209,50,133,12
/Movie/detail.aspx?id=x16T5VNG7KA%3d,守护甜心第1季,9783,65,303,23
/Movie/detail.aspx?id=U%2bXgvyR%2fbnc%3d,魔卡少女樱剧场版 香港篇,20209,93,143,7
/Movie/detail.aspx?id=0EE7Pwhy5IE%3d,魔卡少女樱剧场版：被封印的卡片,17506,102,145,6
/Movie/detail.aspx?id=jDeYIpBysQ0%3d,历物语,4831,39,7,1
/Movie/detail.aspx?id=u076jG9PaNU%3d,花物语,2913,37,8,1
/Movie/detail.aspx?id=PisnodyphS4%3d,鬼物语,3738,40,7,3
/Movie/detail.aspx?id=8TgM5Eivans%3d,囮物语,2213,34,3,0
/Movie/detail.aspx?id=6QR4zhemV0w%3d,倾物语,2101,35,7,1
/Movie/detail.aspx?id=MQANhHPV09o%3d,枪神记,18479,103,113,25
/Movie/detail.aspx?id=xSlYiSuBHMU%3d,凭物语,2241,34,7,0
/Movie/detail.aspx?id=8moA3K%2b777o%3d,恋物语,3270,38,7,1
/Movie/detail.aspx?id=E9DbFoQKqIk%3d,猫物语(白),2143,43,9,0
/Movie/detail.aspx?id=QohxXDwMe4c%3d,美食的俘虏,83315,233,472,70
/Movie/detail.aspx?id=iUSo8fzS9Uw%3d,银魂2017,159771,728,1194,78
/Movie/detail.aspx?id=OGin%2feWUCys%3d,十万个冷笑话电影版,76032,114,220,65
/Movie/detail.aspx?id=SySLCaYp%2b4c%3d,银魂第4季,236957,594,1864,141
/Movie/detail.aspx?id=%2bX1Ml5ilUA0%3d,东京食尸鬼第2季,256974,725,1532,182
/Movie/detail.aspx?id=WdkrAr8kTkg%3d,弹丸论破,40793,165,135,29
/Movie/detail.aspx?id=azn1t2da6f8%3d,刀剑神域,115431,563,1142,122
/Movie/detail.aspx?id=9jYkRiWrpWU%3d,苹果核战记1&2,10874,38,76,5
/Movie/detail.aspx?id=xBkBgWd8al8%3d,青之驱魔师第2季,157321,735,593,113
/Movie/detail.aspx?id=eCf3a39xTRA%3d,猫物语(黑),4814,41,8,2
/Movie/detail.aspx?id=0A1CLSeXUmk%3d,伪物语,2867,42,18,0
/Movie/detail.aspx?id=rKrdTdbY1sA%3d,化物语,6397,65,38,4
/Movie/detail.aspx?id=%2fKPlpmyAstk%3d,境界线上的地平线第2季,10478,57,24,1
/Movie/detail.aspx?id=yk6GngasiXA%3d,境界线上的地平线第1季,18073,92,47,11
/Movie/detail.aspx?id=jwR9HvuQaoE%3d,墓王之王第3季,8699,69,48,5
/Movie/detail.aspx?id=1PkounqO8mk%3d,荒川爆笑团第2季,2352,20,29,1
/Movie/detail.aspx?id=PzK2aCvc0Ns%3d,荒川爆笑团第1季,5734,44,43,7
/Movie/detail.aspx?id=DBZEWiToDNM%3d,圣斗士星矢欧米伽,44351,79,127,36
/Movie/detail.aspx?id=9ohtrI6gJE0%3d,机动战士高达 铁血的奥尔芬斯,133018,350,373,61
/Movie/detail.aspx?id=j64fCvRfV3M%3d,魔卡少女樱,21529,200,472,20
/Movie/detail.aspx?id=gSjZNHDS7LM%3d,凉宫春日的忧郁2009,4247,32,48,3
/Movie/detail.aspx?id=Zrg0uc3Ac0k%3d,花开伊吕波剧场版：甜蜜的家,5151,40,29,2
/Movie/detail.aspx?id=8KS6UyTyvt4%3d,花开伊吕波,2687,35,44,1
/Movie/detail.aspx?id=jNjfr9%2f1Bpc%3d,寻梦环游记(枪版慎入),112948,487,996,100
/Movie/detail.aspx?id=VLWQjszwNXg%3d,梦色糕点师,7227,75,216,12
/Movie/detail.aspx?id=%2fkzfo78T7Cg%3d,虫师特别篇 铃雨,11485,79,70,11
/Movie/detail.aspx?id=zvC50Sh9D6M%3d,虫师,12819,143,120,6
/Movie/detail.aspx?id=8gbRUj7Qwl4%3d,幸运星,2235,20,22,2
/Movie/detail.aspx?id=hh%2frSK1kjlg%3d,命运石之门剧场版：负荷领域的既视感,6472,53,55,1
/Movie/detail.aspx?id=li7%2ff7xDj%2bU%3d,怪物 MONSTER,14725,157,90,20
/Movie/detail.aspx?id=AP3f1XN6afA%3d,鲁邦三世：血烟的石川五右卫门,9468,47,36,6
/Movie/detail.aspx?id=CH2rfYjuASU%3d,妖精的尾巴剧场版：龙泣,32678,201,262,21
/Movie/detail.aspx?id=BwpArbUiIrk%3d,轻音少女剧场版,3858,35,50,2
/Movie/detail.aspx?id=Swtp02rbLsk%3d,东之伊甸剧场版,3680,22,14,1
/Movie/detail.aspx?id=94Yq5x3GzC8%3d,黑之契约者2：流星的双子,6285,69,43,3
/Movie/detail.aspx?id=UkA8ATdFtUs%3d,黑之契约者,11388,102,72,11
/Movie/detail.aspx?id=X6XKubooSTk%3d,绅士击击剑,9616,30,19,10
/Movie/detail.aspx?id=RANgF%2fW%2f%2fPM%3d,全金属狂潮第3季,4106,43,34,3
/Movie/detail.aspx?id=P1Qzt5YzYy8%3d,全金属狂潮第2季,4695,46,38,3
/Movie/detail.aspx?id=PgjQkOdTspI%3d,全金属狂潮第1季,8194,72,65,3
/Movie/detail.aspx?id=D9qAIaMfQtQ%3d,会长是女仆大人,10455,119,217,11
/Movie/detail.aspx?id=2CPgxMLhaLw%3d,永生之酒,7206,95,51,9
/Movie/detail.aspx?id=zfUmoeXfHdI%3d,东之伊甸,4308,43,30,2
/Movie/detail.aspx?id=y2nHFt5RjzA%3d,轻音少女第1季,3657,50,98,4
/Movie/detail.aspx?id=dBuGBnzY%2boI%3d,浪客剑心追忆篇,6684,52,37,3
/Movie/detail.aspx?id=t10cw2oe6B8%3d,我叫MT 1~3季,22291,53,649,44
/Movie/detail.aspx?id=YOhzdHI8GgI%3d,轻音少女第2季,2635,43,54,0
/Movie/detail.aspx?id=xN%2fBTiFNuJg%3d,我们的爱总是只有10厘米,19009,142,64,8
/Movie/detail.aspx?id=JonnLqoYMSI%3d,黑塔利亚6季,1489,26,9,1
/Movie/detail.aspx?id=XEz%2fBKVcJA8%3d,黑塔利亚5季,1118,25,7,1
/Movie/detail.aspx?id=VFV55rtBuzo%3d,黑塔利亚1-4季,4410,44,22,4
/Movie/detail.aspx?id=OrUPHtWnsSY%3d,超能陆战队大白归来第1季,15249,98,51,14
/Movie/detail.aspx?id=VXzAaeUfvlY%3d,樱兰高校男公关部,7784,129,211,8
/Movie/detail.aspx?id=vR83tDZNSE0%3d,好想告诉你第2季,3753,66,60,2
/Movie/detail.aspx?id=vn%2fMDnI39qI%3d,好想告诉你第1季,4772,83,91,5
/Movie/detail.aspx?id=l6j3QbcQlm8%3d,星际牛仔：天国之门,5423,79,48,0
/Movie/detail.aspx?id=pzXFE7H6HX4%3d,星际牛仔,8407,130,126,3
/Movie/detail.aspx?id=3aVSFyW7yks%3d,十二国记,14056,111,138,16
/Movie/detail.aspx?id=S70lTNLjEac%3d,搞笑漫画日和第4季,6201,44,27,8
/Movie/detail.aspx?id=vEsmK0ksib4%3d,搞笑漫画日和第3季,2736,35,19,1
/Movie/detail.aspx?id=xg8Kbj3i7xM%3d,搞笑漫画日和第2季,3374,36,11,6
/Movie/detail.aspx?id=%2bgRkLlgp1qk%3d,搞笑漫画日和第1季,9142,59,34,7
/Movie/detail.aspx?id=syLeljROKYA%3d,混沌武士,10273,126,116,7
/Movie/detail.aspx?id=KwaYgjRKZ%2fk%3d,世界第一初恋第2季,6745,91,127,8
/Movie/detail.aspx?id=gB%2bIYcF%2bN0s%3d,世界第一初恋第1季,9139,95,167,14
/Movie/detail.aspx?id=eu8nlECkG1U%3d,全职猎人剧场版：最后的任务,36420,117,114,16
/Movie/detail.aspx?id=COZbqXSoQt4%3d,全职猎人剧场版：绯色的幻影,29447,91,76,20
/Movie/detail.aspx?id=IoCtm2HIcKQ%3d,乒乓,9133,54,62,9
/Movie/detail.aspx?id=pU844r2kdQg%3d,白兔糖,7648,74,94,7
/Movie/detail.aspx?id=%2bZn0l2WOJ4c%3d,蓝宝石之谜,5616,34,33,7
/Movie/detail.aspx?id=2etM4JK41Y0%3d,花牌情缘第2季,4086,30,44,10
/Movie/detail.aspx?id=xZSyVbmTdFE%3d,文豪野犬第2季,71182,394,298,35
/Movie/detail.aspx?id=ZirNGXWleYE%3d,我叫MT之山口山战记,51080,88,319,56
/Movie/detail.aspx?id=TTPsSA0Hyag%3d,花牌情缘第1季,5854,34,63,14
/Movie/detail.aspx?id=ggZgM6cD%2b2M%3d,Escha Chron,4128,21,9,12
/Movie/detail.aspx?id=LErf8lNGgsQ%3d,我是江小白,18176,56,70,28
/Movie/detail.aspx?id=TyjI26s5Plk%3d,怪化猫,13379,204,177,18
/Movie/detail.aspx?id=XvaW1wsdemg%3d,最强会长黑神第2季,11515,71,40,10
/Movie/detail.aspx?id=Weq1E2f5GpA%3d,最强会长黑神第1季,13656,89,45,17
/Movie/detail.aspx?id=nOryszzqYGo%3d,神契幻奇谭,27605,96,60,65
/Movie/detail.aspx?id=ktt7khUQUg4%3d,乌龙院之活宝传奇,40650,208,205,32
/Movie/detail.aspx?id=dTN4gZ9EshQ%3d,宣告黎明的露之歌,14808,92,84,17
/Movie/detail.aspx?id=n%2fisQ0BDQSM%3d,虐杀器官,39480,236,115,54
/Movie/detail.aspx?id=%2ftwX%2b9TOdUM%3d,春宵苦短，少女前进吧,26610,230,90,23
/Movie/detail.aspx?id=BTxE2kxqK4A%3d,一人之下第2季,90025,540,460,59
/Movie/detail.aspx?id=Qh2boXft4Nw%3d,国民老公带回家第3季,25569,64,66,57
/Movie/detail.aspx?id=9wu80zEuB2Q%3d,皇家国教骑士团TV,19942,99,64,22
/Movie/detail.aspx?id=DiRB4OYWZhc%3d,皇家国教骑士团OVA,28894,201,170,37
/Movie/detail.aspx?id=GySSJvzlaX4%3d,濑户的花嫁,9949,55,65,15
/Movie/detail.aspx?id=v%2ffKZwj%2fQsk%3d,汽车总动员3,52725,234,412,43
/Movie/detail.aspx?id=cOYXdUJBzdM%3d,羊羊运动会,9440,7,59,9
/Movie/detail.aspx?id=EJ4%2fTIl8%2bHE%3d,平成狸合战,8981,86,38,3
/Movie/detail.aspx?id=xP2ZERisW3Y%3d,寄生兽生命的准则,227128,494,1160,107
/Movie/detail.aspx?id=5mX2yA8TxSU%3d,猫的报恩,21731,279,173,12
/Movie/detail.aspx?id=UGz3pq1ozKI%3d,少年阴阳师,26834,178,111,18
/Movie/detail.aspx?id=lMhHrL5YzWs%3d,灵能百分百,78756,373,432,71
/Movie/detail.aspx?id=qvMwOAAQbOs%3d,喜羊羊与灰太狼,29722,54,299,69
/Movie/detail.aspx?id=adt45fb1f8Q%3d,冰川时代4,36574,95,158,18
/Movie/detail.aspx?id=welnkGIg53A%3d,浪客剑心,16346,123,208,7
/Movie/detail.aspx?id=TsjUXD4SktE%3d,火影忍者剧场版：终章,237047,380,712,235
/Movie/detail.aspx?id=gPV6zT8wbIY%3d,校园迷糊大王,6113,45,47,5
/Movie/detail.aspx?id=MxcvwiFsYdk%3d,政宗君的复仇,117982,643,716,107
/Movie/detail.aspx?id=Pq2HkG56YAc%3d,妖精的尾巴第2季,562731,1030,2493,282
/Movie/detail.aspx?id=pdjDTXoaNgo%3d,文豪野犬,75678,513,355,56
/Movie/detail.aspx?id=f%2fvDE8B7ZWY%3d,海贼王,5102633,7514,24204,4263
/Movie/detail.aspx?id=UDGUmqgQCNs%3d,super lovers 第2季,67910,352,465,71
/Movie/detail.aspx?id=xpgkgiQk810%3d,海底总动员,27951,132,128,25
/Movie/detail.aspx?id=Ow3BxO05UBs%3d,蜡笔小新剧场版-我的搬家物语仙人掌大袭击,145005,245,1164,139
/Movie/detail.aspx?id=xSmdOgjLkeQ%3d,了不起的狐狸爸爸,8499,78,65,6
/Movie/detail.aspx?id=vI6TgIkOUus%3d,尸兄,109213,158,351,68
/Movie/detail.aspx?id=izd12LmBEnE%3d,十万个冷笑话,33967,45,109,18
/Movie/detail.aspx?id=FAYZe74C6Ik%3d,名侦探柯南,1496888,2912,7333,1264
/Movie/detail.aspx?id=6JV6cr%2fCdCc%3d,零度战姬第2季,10870,106,44,11
/Movie/detail.aspx?id=V8uwjfdXJr8%3d,零度战姬第1季,25685,154,79,27
/Movie/detail.aspx?id=f3fNbdHIdoI%3d,就算是哥哥有爱就没问题了对吧,16523,98,64,10
/Movie/detail.aspx?id=CB%2b5NqWB%2fME%3d,银之匙第2季,5726,51,65,1
/Movie/detail.aspx?id=qQyPzDjI4zg%3d,银之匙第1季,8746,55,73,5
/Movie/detail.aspx?id=y6aXnUIkgxA%3d,蜂蜜四叶草第2季,2476,14,28,5
/Movie/detail.aspx?id=TEUmHG2hwf0%3d,三国演义,66836,211,281,78
/Movie/detail.aspx?id=kVPv7yjf9T0%3d,蜂蜜四叶草第1季,4250,36,33,4
/Movie/detail.aspx?id=%2bQp%2fWtIhVu4%3d,黑客帝国动画版,12555,46,34,6
/Movie/detail.aspx?id=vjAkmsA9l4Q%3d,某科学的超电磁炮S,20916,186,118,15
/Movie/detail.aspx?id=qogLpQ%2bvgjE%3d,天体战士第2季,4712,20,18,8
/Movie/detail.aspx?id=Ebd8B1DeSh8%3d,天体战士,7443,34,41,9
/Movie/detail.aspx?id=D1Rp4bU3NC0%3d,表情奇幻冒险,60916,229,541,99
/Movie/detail.aspx?id=ng24Eh6LdcA%3d,我女友与青梅竹马的惨烈修罗场,13325,92,84,12
/Movie/detail.aspx?id=btFjesWavkc%3d,三月的狮子第2季,17908,93,69,10
/Movie/detail.aspx?id=NuH4waXh%2fpA%3d,机甲大师,18320,60,70,22
/Movie/detail.aspx?id=CzLcU4Uw1oo%3d,绝对可怜小孩,7346,43,24,2
/Movie/detail.aspx?id=cYG9M403oBg%3d,绝对可怜小孩 THE UNLIMITED,13754,82,62,9
/Movie/detail.aspx?id=W7bOXLfP8xE%3d,王牌投手第2季,5434,26,38,7
/Movie/detail.aspx?id=rPrZg9pnYos%3d,王牌投手第1季,9389,45,60,5
/Movie/detail.aspx?id=vGwydAhpD0o%3d,白箱,7529,78,52,6
/Movie/detail.aspx?id=p68tR8ryOnw%3d,关于我女友是个一本正经的碧池这件事,44778,301,144,23
/Movie/detail.aspx?id=2HqralqH0IU%3d,大闹天宫,31855,110,226,30
/Movie/detail.aspx?id=QmXogVBzMz4%3d,白雪公主和七个小矮人,24524,78,171,38
/Movie/detail.aspx?id=9EstA%2bc5Jyg%3d,理想禁区,27376,134,83,23
/Movie/detail.aspx?id=YDLaLLzVEEA%3d,名侦探柯南：唐红的恋歌,97212,410,392,73
/Movie/detail.aspx?id=6n%2bzyUslsp0%3d,Wake Up Girls新章,6489,19,26,3
/Movie/detail.aspx?id=kELYE%2bQ0f%2fw%3d,大小姐×执事,11109,83,52,10
/Movie/detail.aspx?id=ssSWUFKMY8w%3d,狮子王,27668,152,241,21
/Movie/detail.aspx?id=J5orqxZfzqo%3d,鲸鱼之子们在沙丘上歌唱,14618,133,133,4
/Movie/detail.aspx?id=qk2P%2fBiBiIc%3d,钢之炼金术师：叹息之丘的圣星,28253,124,61,14
/Movie/detail.aspx?id=HGl5Hdi7obg%3d,如果有妹妹就好了,43001,261,188,36
/Movie/detail.aspx?id=5RFBn7s0FuY%3d,钢之炼金术师：香巴拉的征服者,29623,140,72,12
/Movie/detail.aspx?id=wmaQEoufq6o%3d,你的名字,691600,14080,7197,517
/Movie/detail.aspx?id=wYtmu9YHvLU%3d,超时空要塞F恋离飞翼,9173,31,12,1
/Movie/detail.aspx?id=Zhg%2f6Wlk9fI%3d,钢之炼金术师 FA,35665,238,317,24
/Movie/detail.aspx?id=2PCKSS9OwcM%3d,侧车搭档,8092,22,16,3
/Movie/detail.aspx?id=ZFnwG%2fUkNO8%3d,牙狼 VANISHING LINE,21286,96,103,8
/Movie/detail.aspx?id=gDknagU%2fEds%3d,动画同好会,6744,38,17,2
/Movie/detail.aspx?id=Xar2t92VbDs%3d,鬼灯的冷彻第1季,21567,234,142,12
/Movie/detail.aspx?id=lQ9Bayjdk98%3d,调教咖啡厅,21419,162,146,12
/Movie/detail.aspx?id=qGc7ZrjEkoM%3d,少年同盟第2季,2126,34,39,2
/Movie/detail.aspx?id=oBglyKuujHs%3d,少年同盟第1季,4958,55,50,1
/Movie/detail.aspx?id=TYX4kyDv7Io%3d,宝石之国,36315,265,259,22
/Movie/detail.aspx?id=BicwzXVde1E%3d,CodeRealize 创世的公主,20261,116,43,11
/Movie/detail.aspx?id=3Xbxj029xEA%3d,时间飞船24逆袭的三恶人,4253,7,14,9
/Movie/detail.aspx?id=owSLT%2fIrTz4%3d,Classicaloid第2季,13106,40,9,6
/Movie/detail.aspx?id=XVDgUok92p0%3d,结城友奈是勇者第2季,9684,27,18,10
/Movie/detail.aspx?id=bqsZllgwzk8%3d,魅力英雄300大作战,19864,69,32,28
/Movie/detail.aspx?id=gwnl8F9SDuU%3d,大正小小先生,8329,45,22,8
/Movie/detail.aspx?id=q4PGW%2fzw7u8%3d,新奇诺之旅,22550,169,105,16
/Movie/detail.aspx?id=EEGr8wf1pHU%3d,Dies irae 神怒之日,40634,162,63,38
/Movie/detail.aspx?id=PKim5NfeK%2fM%3d,网路胜利组,20518,134,116,15
/Movie/detail.aspx?id=Cq999oxIW0E%3d,少女终末旅行,19988,175,131,13
/Movie/detail.aspx?id=n01tIZddCQk%3d,DYNAMIC CHORD,7339,15,9,14
/Movie/detail.aspx?id=ivo0ZekaJl4%3d,天降之物剧场版：永远的我的鸟笼,12198,74,40,7
/Movie/detail.aspx?id=SrvE98DoJRQ%3d,天降之物剧场版：发条装置之哀女神,7234,59,35,4
/Movie/detail.aspx?id=HPLZ78Iwl4M%3d,料理鼠王,23711,149,307,17
/Movie/detail.aspx?id=f18wHM2SqkQ%3d,莽荒纪,126361,373,294,293
/Movie/detail.aspx?id=CEGpOnKNYSU%3d,日在校园,810,8,10,3
/Movie/detail.aspx?id=QKFj%2f4Q9GaM%3d,白色相簿第2季,239,5,3,0
/Movie/detail.aspx?id=Q%2b4LJqsygCM%3d,白色相簿第1季,332,5,3,0
/Movie/detail.aspx?id=Fw7cgmu3GNI%3d,冰雪奇缘,162954,595,1110,180
/Movie/detail.aspx?id=3%2bhG3H5f%2fmg%3d,哈尔的移动城堡,58985,511,642,51
/Movie/detail.aspx?id=TR0mFOwqpSw%3d,葫芦兄弟,29037,41,168,33
/Movie/detail.aspx?id=OoQHdkvK4zM%3d,甲铁城的卡巴内瑞,230121,1009,1275,189
/Movie/detail.aspx?id=XxvOU5gtk%2bQ%3d,亚人第2季,101455,493,343,57
/Movie/detail.aspx?id=LzDjLxOPpX0%3d,龙猫,44528,467,413,21
/Movie/detail.aspx?id=%2fqvYr6zSdLk%3d,猫屎一号,7559,23,40,3
/Movie/detail.aspx?id=As6En7jbf0I%3d,尸兄第2季,115746,202,251,142
/Movie/detail.aspx?id=EDRhYvmpoa4%3d,侧耳倾听,24699,354,166,14
/Movie/detail.aspx?id=Q07K9z62QZg%3d,冰川时代,19652,96,109,20
/Movie/detail.aspx?id=ordLvymXpJ4%3d,宠物小精灵XY,152930,238,720,119
/Movie/detail.aspx?id=C20CtupQ8kg%3d,生化危机：诅咒,41691,83,99,21
/Movie/detail.aspx?id=TZ3qwbFjwDw%3d,战斗妖精雪风,9454,28,20,6
/Movie/detail.aspx?id=7iQW5PW06YM%3d,龙珠Z：神与神,76671,75,221,30
/Movie/detail.aspx?id=AtaS53y55d8%3d,灌篮高手,129106,235,1117,90
/Movie/detail.aspx?id=Mocw3E7tLwI%3d,天降之物第2季,4115,65,44,6
/Movie/detail.aspx?id=vyYlkSHkOo0%3d,天降之物第1季,7822,88,65,7
/Movie/detail.aspx?id=9lt7YSdXa4I%3d,国王游戏,57411,283,165,108
/Movie/detail.aspx?id=NNrqdTbr0s0%3d,Just Because!,28859,188,142,12
/Movie/detail.aspx?id=Y2KOaKeCnAA%3d,Infini-T Force,13644,22,21,13
/Movie/detail.aspx?id=MTT3utJX7fk%3d,妄想学生会剧场版,9055,57,65,5
/Movie/detail.aspx?id=vqqAlx9Ikc8%3d,花木兰,28032,140,179,24
/Movie/detail.aspx?id=NPhaqULfB84%3d,妄想学生会第2季,4615,52,70,2
/Movie/detail.aspx?id=gwJrgy2BBGg%3d,妄想学生会第1季,7999,68,76,6
/Movie/detail.aspx?id=TX5jJYVOi5U%3d,此花亭奇谭,15266,125,88,9
/Movie/detail.aspx?id=EoLGG4PwYe0%3d,TSUKIPRO THE ANIMATION,13659,34,29,11
/Movie/detail.aspx?id=mUunH8UAxVo%3d,URAHARA,8532,25,11,4
/Movie/detail.aspx?id=NabxTFsZ4fY%3d,战刻夜想曲,21151,79,54,10
/Movie/detail.aspx?id=%2fHC5cfm5Ac4%3d,品酒要在成为夫妻后,25225,183,79,11
/Movie/detail.aspx?id=JMbdD0Qmabc%3d,阿松第2季,13492,70,71,7
/Movie/detail.aspx?id=Ai%2fZHfcv1Ng%3d,悠久持有者！,49059,246,174,26
/Movie/detail.aspx?id=KdNF6cUaWFM%3d,头文字D新剧场版Legend,13104,51,40,7
/Movie/detail.aspx?id=lmaQ%2fRXS0yQ%3d,头文字D第6季,11479,54,32,15
/Movie/detail.aspx?id=774aq2Tr7%2fs%3d,头文字D第4季,8796,51,69,5
/Movie/detail.aspx?id=CeW7gTowQ%2bI%3d,小黄人,221054,530,978,213
/Movie/detail.aspx?id=sg4g1zIjfN4%3d,头文字D第3季,4808,41,27,3
/Movie/detail.aspx?id=3TQJauGOC5Q%3d,头文字D第2季,5578,51,84,5
/Movie/detail.aspx?id=5ZkgodTI2lU%3d,头文字D第1季,13843,78,86,12
/Movie/detail.aspx?id=wIYOIhhojww%3d,未闻花名,9550,130,232,8
/Movie/detail.aspx?id=dwqq5Asi%2bI0%3d,午睡公主,13184,72,44,12
/Movie/detail.aspx?id=ldD%2b7GSCXHE%3d,LoveLive!Sunshine第2季,8953,52,63,7
/Movie/detail.aspx?id=oFH5DbsBzv0%3d,樱花庄的宠物女孩,7412,88,190,8
/Movie/detail.aspx?id=yqNWCVcgPcQ%3d,数码宝贝大冒险第5章,34670,138,117,28
/Movie/detail.aspx?id=qWa6Gq71pnE%3d,十万个冷笑话2,46303,205,456,49
/Movie/detail.aspx?id=2QcOBgtkGnQ%3d,攻壳机动队第2季,5132,62,17,7
/Movie/detail.aspx?id=K50ZOYeUA%2bQ%3d,攻壳机动队第1季,12236,91,31,9
/Movie/detail.aspx?id=YCwhX%2fXvOGI%3d,攻壳机动队SAC：笑面男,3645,44,14,1
/Movie/detail.aspx?id=XgpLtzSpuVU%3d,攻壳机动队SSS,3373,48,9,0
/Movie/detail.aspx?id=uAbhtOo%2bghQ%3d,攻壳机动队1995,11884,83,34,15
/Movie/detail.aspx?id=4n1zQntMBs0%3d,攻壳机动队2.0,5337,55,14,2
/Movie/detail.aspx?id=SZAeh%2fM8iA8%3d,攻壳机动队SAC 2nd GIG：个别的十一人,3301,42,6,1
/Movie/detail.aspx?id=2gGLVTZKotQ%3d,攻壳机动队2：无罪,4354,54,16,1
/Movie/detail.aspx?id=%2b7oeF%2ffGITM%3d,食梦者第3季,4390,35,54,6
/Movie/detail.aspx?id=ihXhFdiycvw%3d,食梦者第2季,3124,35,57,5
/Movie/detail.aspx?id=H%2bcw9Z7mexM%3d,食梦者第1季,10461,75,86,8
/Movie/detail.aspx?id=RzCg9wF0htI%3d,攻壳机动队：崛起,3703,42,9,1
/Movie/detail.aspx?id=fG1f1SjFn80%3d,蜡笔小新：宇宙人来袭,47229,156,444,45
/Movie/detail.aspx?id=d673x5ldF9Q%3d,大剑,31279,233,292,27
/Movie/detail.aspx?id=H%2bgN3vlMPRc%3d,黑子的篮球,169747,292,884,153
/Movie/detail.aspx?id=pVesZvcDO4I%3d,穿靴子的猫,16434,77,137,21
/Movie/detail.aspx?id=eVb3J45S248%3d,黑子的篮球剧场版,75868,326,701,74
/Movie/detail.aspx?id=a%2bYyeWK4Fss%3d,地灵曲,38713,227,145,32
/Movie/detail.aspx?id=eQHHSdsFmx0%3d,笨蛋测验召唤兽第2季,7525,60,50,8
/Movie/detail.aspx?id=tWXQCwkuf4A%3d,笨蛋测验召唤兽第1季,9196,61,54,9
/Movie/detail.aspx?id=OC0tf2F1Xts%3d,齐木楠雄的灾难,30724,228,344,48
/Movie/detail.aspx?id=lvK6oeLAfV8%3d,我的天劫女友,37110,187,174,56
/Movie/detail.aspx?id=WApXkRA61UQ%3d,阿唐奇遇,14926,41,129,33
/Movie/detail.aspx?id=lXb6XFuRAAc%3d,嗜血狂袭第2季,18459,165,85,16
/Movie/detail.aspx?id=CrczpkLRAQ0%3d,嗜血狂袭第1季,21293,160,137,21
/Movie/detail.aspx?id=Ffk2RIUaSGA%3d,刀剑神域：序列之争,89152,760,1088,116
/Movie/detail.aspx?id=3RhEFz%2bKi7c%3d,旋风管家第4季,3060,21,18,4
/Movie/detail.aspx?id=0PCVvNzjb14%3d,旋风管家第3季,2091,16,14,5
/Movie/detail.aspx?id=9YVOCqh%2b5o0%3d,旋风管家第2季,4430,23,28,9
/Movie/detail.aspx?id=irvyApNV%2bRc%3d,画江湖之换世门生,83437,344,264,89
/Movie/detail.aspx?id=BNEgL%2bRKCKE%3d,马男波杰克第4季,27457,167,173,31
/Movie/detail.aspx?id=%2fRXOg3hvWwg%3d,这个是僵尸吗第2季,9062,69,56,16
/Movie/detail.aspx?id=v5QP3itXmMg%3d,这个是僵尸吗第1季,11410,76,88,16
/Movie/detail.aspx?id=mXDwGooVnv8%3d,第一神拳第2季,1944,6,12,4
/Movie/detail.aspx?id=zPZgE5RXIsw%3d,无限斯特拉托斯第2季,17548,117,92,19
/Movie/detail.aspx?id=9LvFrkq2FcE%3d,无限斯特拉托斯第1季,25649,142,137,36
/Movie/detail.aspx?id=KhCoKN5c1eA%3d,天降美食,11745,66,83,9
/Movie/detail.aspx?id=9%2fk6xe%2b8%2fM4%3d,打工吧！魔王大人,24861,187,143,14
/Movie/detail.aspx?id=TNgfZxRz2UY%3d,大雄与奇迹之岛,16603,30,72,8
/Movie/detail.aspx?id=64rGJwxT7ZI%3d,刀剑神域2,209781,634,1269,138
/Movie/detail.aspx?id=UCsSvmoxmQs%3d,怪物史莱克3,6936,52,31,4
/Movie/detail.aspx?id=EFgz9er7q5w%3d,萤火虫之墓,11070,160,77,4
/Movie/detail.aspx?id=sV%2foSDJSlcM%3d,虫虫特工队,16240,93,105,14
/Movie/detail.aspx?id=dNMFu0zmlXI%3d,翠星的加尔刚蒂亚,17353,78,61,11
/Movie/detail.aspx?id=zp1MhXQ9ug0%3d,飞天红猪侠,14863,211,105,6
/Movie/detail.aspx?id=N9a6oj%2beNtQ%3d,驱魔少年第2季,121373,553,605,74
/Movie/detail.aspx?id=BAv9xX18RJ4%3d,汽车总动员,35266,103,138,34
/Movie/detail.aspx?id=fO%2f5o6Zrfg8%3d,机动战士高达雷霆宙域战线第2季,43965,165,85,25
/Movie/detail.aspx?id=JB9%2f36svAg0%3d,鲁邦三世,10737,78,34,3
/Movie/detail.aspx?id=CT8RGdIcQuQ%3d,加菲猫,18431,110,159,19
/Movie/detail.aspx?id=jvtbGVAO2vU%3d,功夫熊猫2,60559,133,911,85
/Movie/detail.aspx?id=ynSqGrXZcuc%3d,食戟之灵第2季,190504,760,1092,147
/Movie/detail.aspx?id=CLpDJKGp0ys%3d,起司猫第一季,8023,51,62,11
/Movie/detail.aspx?id=6sZavFRJOsk%3d,超时空要塞Frontier,11484,50,37,4
/Movie/detail.aspx?id=5i6pRXfw%2f2Q%3d,神偷奶爸3,155414,773,1070,168
/Movie/detail.aspx?id=3AA1Y6Zk4Gk%3d,舰队收藏剧场版,19231,55,45,31
/Movie/detail.aspx?id=jGIw2sEGpTg%3d,内裤队长,41252,133,190,64
/Movie/detail.aspx?id=aXB3mK68xaQ%3d,织田信奈的野望,17421,80,91,30
/Movie/detail.aspx?id=sWQA%2blxuWE0%3d,十万个冷笑话第二季,52011,59,116,67
/Movie/detail.aspx?id=QxjEmZESk5o%3d,火影忍者,2988396,3576,11562,3228
/Movie/detail.aspx?id=T6o4I6Q1xqQ%3d,黑执事：豪华客轮编,44209,339,404,48
/Movie/detail.aspx?id=4SehpckXufI%3d,海贼王2017特别篇东海,90866,164,217,78
/Movie/detail.aspx?id=PuuFJjA6uDQ%3d,血色苍穹,77781,338,247,102
/Movie/detail.aspx?id=Xzm%2fikqt6Us%3d,终物语第2季,18317,79,53,57
/Movie/detail.aspx?id=IO6y73DZZmo%3d,拳皇命运,117454,380,259,210
/Movie/detail.aspx?id=9c%2f4cvhkvZQ%3d,哆啦A梦：大雄的南极冰冰凉大冒险,81977,238,479,82
/Movie/detail.aspx?id=fvqKHVfICRg%3d,纳米核心第3季,28535,71,115,32
/Movie/detail.aspx?id=anoKDC7NTc0%3d,择天记第3季,55096,162,219,73
/Movie/detail.aspx?id=VC7JbNk1pjM%3d,灵域第5季,64004,177,211,95
/Movie/detail.aspx?id=T%2f3loxq0bco%3d,NEW GAME第1季,10737,52,63,12
/Movie/detail.aspx?id=pGPUsjGZ7ws%3d,NEW GAME第2季,13566,69,75,8
/Movie/detail.aspx?id=pGyVOE5qg3k%3d,GAMERS电玩咖,44029,236,234,61
/Movie/detail.aspx?id=xtTkRwyHKjw%3d,海天使之光,9724,23,26,11
/Movie/detail.aspx?id=tESyF3d19EQ%3d,伤物语,23826,169,115,13
/Movie/detail.aspx?id=ahQ2iwRAkC8%3d,辣妹与我的第一次,71574,303,282,92
/Movie/detail.aspx?id=pKo%2fGp8BaDQ%3d,地狱少女第3季,13781,101,101,25
/Movie/detail.aspx?id=ddN6UKaFW3w%3d,地狱少女第2季,11808,91,100,8
/Movie/detail.aspx?id=7bGKSs6HnXw%3d,地狱少女第1季,30701,182,181,31
/Movie/detail.aspx?id=1NHW3VWmxhU%3d,带着智能手机闯荡异世界,117941,561,795,161
/Movie/detail.aspx?id=TEYn%2bI0FzSk%3d,天使的3P,20875,63,82,30
/Movie/detail.aspx?id=bYFbFtZku%2b8%3d,公主准则Princess Principal,24761,152,97,24
/Movie/detail.aspx?id=klXHypuSFBc%3d,人马少女的烦恼,15994,76,59,16
/Movie/detail.aspx?id=cSPNkjgJHYA%3d,舞动青春,43383,193,333,50
/Movie/detail.aspx?id=X%2frBkkIbDZw%3d,便利店男友,24497,151,66,18
/Movie/detail.aspx?id=qZN9%2buagarQ%3d,独占我的英雄,39532,291,460,44
/Movie/detail.aspx?id=fio1C0qTw%2b0%3d,将国之天鹰星,30415,113,105,24
/Movie/detail.aspx?id=sjPKTSzQ4NY%3d,时间支配者,33441,148,73,22
/Movie/detail.aspx?id=rq6DLk7dA9A%3d,恶魔城,49590,232,191,30
/Movie/detail.aspx?id=sRBCbBb8kZ8%3d,动作女主Cheer Fruits,6372,19,14,6
/Movie/detail.aspx?id=MtUmnc8R6xE%3d,梵蒂冈奇迹调查官,26405,154,83,18
/Movie/detail.aspx?id=MjmppyfDgqs%3d,18与你相连的谜题,16602,53,52,22
/Movie/detail.aspx?id=%2bc06jfp7GR8%3d,DIVE跳水男孩,16250,56,59,25
/Movie/detail.aspx?id=De4akLBfPy0%3d,7O3X抢答战争,18603,72,64,18
/Movie/detail.aspx?id=puKSm2%2b3LXE%3d,捏造陷阱,24787,127,110,48
/Movie/detail.aspx?id=hq3P524dCGM%3d,笨女孩,33638,190,255,60
/Movie/detail.aspx?id=ZGrfwnE0pgI%3d,徒然喜欢你,34073,241,226,44
/Movie/detail.aspx?id=UA4ODlJVhlY%3d,异世界食堂,53517,318,323,51
/Movie/detail.aspx?id=Q3Nws%2fQV2tw%3d,妖怪公寓的优雅日常,53545,289,265,39
/Movie/detail.aspx?id=KNS8EVviD%2bw%3d,洁癖男子青山君,35323,213,199,38
/Movie/detail.aspx?id=g%2b%2fiRYklYd4%3d,暗芝居第5季,16265,55,53,10
/Movie/detail.aspx?id=v0GVAQRr%2f4o%3d,战姬绝唱第2季,3961,27,27,6
/Movie/detail.aspx?id=6wS%2bPNloB8E%3d,战姬绝唱第1季,6373,34,37,8
/Movie/detail.aspx?id=yC50%2bS0xSM4%3d,战斗女子高校,10141,27,38,12
/Movie/detail.aspx?id=E8q6WaNvpzY%3d,怪物弹珠剧场版,11027,24,33,7
/Movie/detail.aspx?id=Sy1FJb8oZjc%3d,战姬绝唱第4季,9708,38,52,7
/Movie/detail.aspx?id=941FguWk3eU%3d,小王子,119164,909,545,64
/Movie/detail.aspx?id=thTlZh47Qsk%3d,峡谷重案组,20895,35,144,104
/Movie/detail.aspx?id=ij1aBg2Fad4%3d,生化危机：复仇,53581,257,325,56
/Movie/detail.aspx?id=tRQ2rRZIZfA%3d,蓝精灵3：寻找神秘村,39350,189,251,46
/Movie/detail.aspx?id=6bHB1l6sOF0%3d,蓝精灵2,23975,101,141,36
/Movie/detail.aspx?id=tYDH%2bGyHfNg%3d,超神学院之雄兵连,142786,515,724,181
/Movie/detail.aspx?id=ddX1DiEOESY%3d,妖神记,130263,337,618,232
/Movie/detail.aspx?id=0%2b1Aev9jmZQ%3d,BLAME剧场版,49277,204,235,34
/Movie/detail.aspx?id=Ac5AMT7dDro%3d,家有儿女动画版,9035,13,51,13
/Movie/detail.aspx?id=UTAVmsEP6vI%3d,双斩少女,30135,97,57,14
/Movie/detail.aspx?id=tykNm8I2lDU%3d,功夫熊猫,44991,168,284,48
/Movie/detail.aspx?id=tmKUgLHs3Bs%3d,夏日大作战,14607,148,138,6
/Movie/detail.aspx?id=UAUmRuSUhb8%3d,疯狂动物城,408584,1291,2109,322
/Movie/detail.aspx?id=knsxV7BbpNQ%3d,超时空要塞 可曾记得爱,10339,31,23,9
/Movie/detail.aspx?id=63DvtKo7iYA%3d,冰川时代2消融,17448,98,104,17
/Movie/detail.aspx?id=EFTl%2fChbE30%3d,全职猎人2011,244338,580,1238,191
/Movie/detail.aspx?id=%2bX787plFSAs%3d,风之谷,21435,301,145,7
/Movie/detail.aspx?id=ut7A95jE3Nk%3d,天空之城,28614,276,241,22
/Movie/detail.aspx?id=HMBl%2bhOfmAg%3d,悬崖上的金鱼姬,17689,164,152,12
/Movie/detail.aspx?id=Ja1qsNc6CvI%3d,进击的巨人,258649,696,1600,196
/Movie/detail.aspx?id=nTt82eABKXM%3d,线上游戏的老婆不可能是女生,79422,334,299,57
/Movie/detail.aspx?id=C3whW2eo0AU%3d,千与千寻,72516,534,877,51
/Movie/detail.aspx?id=KaN5yubAO30%3d,机动战士高达：铁血的奥尔芬斯第2季,126406,371,562,68
/Movie/detail.aspx?id=5eVBGx4gNUU%3d,青春纪行,71279,321,390,55
/Movie/detail.aspx?id=npkuT8F%2fVcE%3d,八犬传,22463,138,126,9
/Movie/detail.aspx?id=yvOLLnEzUXo%3d,排球少年第3季,85935,341,518,45
/Movie/detail.aspx?id=vwPM1f2HaJ0%3d,墓王之王第2季,43697,169,186,42
/Movie/detail.aspx?id=63vdRVby7nc%3d,宝贝老板,243861,970,1834,303
/Movie/detail.aspx?id=Di4XaBCDqdQ%3d,声之形,66474,728,1009,55
/Movie/detail.aspx?id=jidPA2ct2ZQ%3d,在这世界的角落,38468,348,224,46
/Movie/detail.aspx?id=ZU4S34fJOLw%3d,游戏王VRAINS,60321,120,174,78
/Movie/detail.aspx?id=xX4HW9XvB9w%3d,降灵记,47958,177,192,41
/Movie/detail.aspx?id=BTcQvNognI0%3d,国民老公带回家第2季,27099,59,95,48
/Movie/detail.aspx?id=%2bNg8oEvV5Sw%3d,暗杀教室剧场版,40468,219,277,54
/Movie/detail.aspx?id=MwOsN7%2bwsy8%3d,阿拉德宿命之门,65097,179,185,98
/Movie/detail.aspx?id=ou9g9EU25R0%3d,天谕,44899,152,86,91
/Movie/detail.aspx?id=e3qlm%2boB%2fwA%3d,阿童木起源,29465,93,76,18
/Movie/detail.aspx?id=NFcSSPzlVfM%3d,剑姬神圣谭,53150,193,135,36
/Movie/detail.aspx?id=yKHvDy0iOmA%3d,sin七大罪,100882,534,276,113
/Movie/detail.aspx?id=391eyhEApfM%3d,瑞克与莫蒂第2季,46170,324,301,48
/Movie/detail.aspx?id=LtYeTuX%2b4so%3d,飙速宅男第3季,72778,162,216,43
/Movie/detail.aspx?id=Gv%2fDacrlMxE%3d,瑞克与莫蒂第1季,76484,562,429,62
/Movie/detail.aspx?id=F5qgISNLVi8%3d,扩张少女系三重奏,12114,59,30,12
/Movie/detail.aspx?id=IGyBsMUc7sg%3d,末日时在做什么,41230,211,230,40
/Movie/detail.aspx?id=VoLalDB7Bq8%3d,覆面系NOISE,21275,113,236,23
/Movie/detail.aspx?id=dHwHdcL1U3U%3d,零之魔法书,76106,394,228,40
/Movie/detail.aspx?id=%2bjAloNRFdno%3d,ID-0,22124,50,35,10
/Movie/detail.aspx?id=1sVb0xom37M%3d,我的妹妹是黄漫老师,113904,599,467,124
/Movie/detail.aspx?id=LIrrG0iHX3A%3d,有顶天家族第2季,24543,104,102,12
/Movie/detail.aspx?id=1OTCM%2bB%2b1k0%3d,ReCREATORS,107583,598,384,82
/Movie/detail.aspx?id=j120F%2fFYasI%3d,巴哈姆特之怒第2季,47850,186,172,25
/Movie/detail.aspx?id=fsip58LcPOc%3d,正确的KADO,46178,252,156,37
/Movie/detail.aspx?id=He%2fGqRephaA%3d,快盗天使BREAK,8571,21,17,13
/Movie/detail.aspx?id=SFukghzJCFI%3d,剑风传奇第3季,57409,230,280,25
/Movie/detail.aspx?id=aI4JEWcv4HM%3d,境界之轮回第3季,14950,59,64,13
/Movie/detail.aspx?id=8WIsbF%2foU9c%3d,熊出没 奇幻空间,32619,86,423,71
/Movie/detail.aspx?id=Uzxk5LxFLB4%3d,雏子的笔记,12677,65,65,12
/Movie/detail.aspx?id=jm0U9%2bPmseA%3d,时钟机关之星,35094,174,118,31
/Movie/detail.aspx?id=NC51VVTTemI%3d,青春歌舞伎,9898,90,28,7
/Movie/detail.aspx?id=O9%2f4KGp7ZQo%3d,恋爱暴君,44461,245,158,44
/Movie/detail.aspx?id=jrbg3BaREbk%3d,月色真美,30755,240,198,30
/Movie/detail.aspx?id=QMU74mdXxi4%3d,路人女主的养成方法第2季,51561,345,266,32
/Movie/detail.aspx?id=yV%2f%2bhkQkwBM%3d,樱花任务,15770,57,35,17
/Movie/detail.aspx?id=xOrlXSY47gw%3d,武装少女,58662,262,212,66
/Movie/detail.aspx?id=AGPPSU7XE9k%3d,重启咲良田,19235,115,68,15
/Movie/detail.aspx?id=6TXeMOjiIRg%3d,王室教师海涅,33051,235,274,31
/Movie/detail.aspx?id=6UbBASV33f8%3d,世界黑暗图鉴,29238,105,48,85
/Movie/detail.aspx?id=Ws2RyE7baH0%3d,笑面推销员NEW,20852,73,73,38
/Movie/detail.aspx?id=dj8668n3%2fqU%3d,机甲少女,19339,93,50,18
/Movie/detail.aspx?id=tAmSZki3V4Q%3d,不正经的魔术讲师与禁忌教典,123723,711,612,141
/Movie/detail.aspx?id=o7lHquW4xyY%3d,怪怪守护神,24197,108,88,22
/Movie/detail.aspx?id=DxaRIOv4JXA%3d,爱丽丝与藏六,17161,98,61,9
/Movie/detail.aspx?id=55coF5hJkmw%3d,碧蓝幻想,48810,245,104,51
/Movie/detail.aspx?id=Qv6TNRLd2y4%3d,海马,484,4,1,0
/Movie/detail.aspx?id=vWFVlRSXzSE%3d,白熊咖啡厅,308,6,3,0
/Movie/detail.aspx?id=GSpW2eH7Lwk%3d,侠岚,19334,24,117,19
/Movie/detail.aspx?id=7T8%2beMHslmA%3d,听到涛声,6729,106,36,4
/Movie/detail.aspx?id=ijhrISP%2f9yI%3d,双星之阴阳师,257115,926,1182,249
/Movie/detail.aspx?id=Ix%2fYnr47iU8%3d,小门神,66042,204,561,90
/Movie/detail.aspx?id=zgOW%2fIz0zm0%3d,怪物史莱克2,7000,53,34,3
/Movie/detail.aspx?id=YJ58xnrGcnE%3d,王者天下第2季,34881,70,135,21
/Movie/detail.aspx?id=szZgUgMHAHY%3d,怪物弹珠第2季,15168,36,33,6
/Movie/detail.aspx?id=WZwIE%2fCtjqs%3d,西葫芦的生活,17547,121,97,13
/Movie/detail.aspx?id=hEsqAZAyA%2fg%3d,银之守墓人,55024,258,203,55
/Movie/detail.aspx?id=fduouwGg%2b%2f4%3d,圣光不好惹,9269,15,39,37
/Movie/detail.aspx?id=88naK61Jk5Q%3d,Orange 未来,21196,100,53,20
/Movie/detail.aspx?id=hvKjp%2fXea54%3d,杀戮都市O,57134,331,402,37
/Movie/detail.aspx?id=zGqRbOQfm%2fE%3d,游戏王剧场版 次元之暗面,54035,125,274,36
/Movie/detail.aspx?id=O8O0j8hCbXc%3d,欢乐好声音,100986,626,1135,109
/Movie/detail.aspx?id=q%2fRJgI4LAAo%3d,数码宝贝大冒险第4章,79148,180,214,40
/Movie/detail.aspx?id=6UHVut%2b2mCs%3d,少年锦衣卫,97525,459,368,105
/Movie/detail.aspx?id=W7qLR8n2fc4%3d,埃塞尔与欧内斯特,24237,291,320,21
/Movie/detail.aspx?id=SqzzEi0RQMY%3d,东郭小节,34299,96,89,71
/Movie/detail.aspx?id=ObwFp6ZG3jE%3d,灵域第4季,61254,173,157,81
/Movie/detail.aspx?id=k0d8qIRgBSM%3d,暗芝居第4季,45584,86,71,59
/Movie/detail.aspx?id=aT7gZnxMHuE%3d,哥斯拉:怪兽行星,5239,41,31,1
/Movie/detail.aspx?id=eU1H2PIqLDg%3d,哆啦A梦-伴我同行,93810,282,652,48
/Movie/detail.aspx?id=%2bpFjtD2vsq4%3d,熊猫手札,24018,31,83,29
/Movie/detail.aspx?id=Zcijy5JWidY%3d,血意少年,44264,190,174,20
/Movie/detail.aspx?id=TP8mHaHE%2bLA%3d,幽灵公主,19036,214,146,30
/Movie/detail.aspx?id=Ba04QQ7RQOU%3d,大圣归来,261221,491,2136,198
/Movie/detail.aspx?id=F0D20pfFAK8%3d,猫和老鼠：飙风天王,30540,42,299,44
/Movie/detail.aspx?id=e64UO2RX7kg%3d,倒霉熊全集,50671,75,181,95
/Movie/detail.aspx?id=Xuypg9Xnh6I%3d,超时空要塞,13895,47,24,6
/Movie/detail.aspx?id=cNGo0eFaPyY%3d,Rewrite第2季,28594,99,145,26
/Movie/detail.aspx?id=3FC3wGiElBc%3d,超游世界,65149,205,158,79
/Movie/detail.aspx?id=kPAe6VJ4B5U%3d,混沌之子,39072,117,61,30
/Movie/detail.aspx?id=fp8wmlWjpSs%3d,为美好的世界献上祝福第2季,79143,373,440,64
/Movie/detail.aspx?id=zLgupkVMs0A%3d,为美好的世界献上祝福第1季,42442,312,358,49
/Movie/detail.aspx?id=mhUqpzfX03U%3d,人渣的本愿,106511,595,508,97
/Movie/detail.aspx?id=HkmTTi0rHr4%3d,小林家的龙女仆,64455,370,409,46
/Movie/detail.aspx?id=beMNNyDl%2bDM%3d,ACCA13区监察课,60513,333,191,36
/Movie/detail.aspx?id=zSEAAJQoz7M%3d,握手者,30265,123,112,32
/Movie/detail.aspx?id=GlppC92Dba0%3d,巨怪猎人,27530,154,157,28
/Movie/detail.aspx?id=JhpauYhBwTA%3d,鬼平犯科帐,29975,109,96,15
/Movie/detail.aspx?id=QEhaOsB6St8%3d,偶像事变,13280,38,117,23
/Movie/detail.aspx?id=dt0OBqqTdJE%3d,珈百璃的堕落,15798,103,223,12
/Movie/detail.aspx?id=J0JJBLaqAe0%3d,小魔女学园,31512,159,205,29
/Movie/detail.aspx?id=VBuKYTdOfvQ%3d,宇宙警探elDLIVE,14061,51,32,25
/Movie/detail.aspx?id=LCseLhcNkn8%3d,情热传说THE X 第2季,47084,191,221,35
/Movie/detail.aspx?id=R7850sgCoCE%3d,锁链战记,43810,167,84,42
/Movie/detail.aspx?id=RBL9yVOXY9Q%3d,我太太是高中生,7427,33,40,3
/Movie/detail.aspx?id=S0B%2b2UjZ1zs%3d,昭和元禄落语心中第1季,16240,204,72,10
/Movie/detail.aspx?id=odWXc4uar2s%3d,南镰仓高校女子自行车社,10641,22,17,28
/Movie/detail.aspx?id=4U4hUCxI5WE%3d,昭和元禄落语心中第2季,14749,184,82,11
/Movie/detail.aspx?id=m4vtrS3Vq1o%3d,斗破苍穹,220761,1021,1033,321
/Movie/detail.aspx?id=SfRj%2bKRjrc0%3d,同级生,38655,340,349,26
/Movie/detail.aspx?id=TF5SiDRsjTY%3d,校园女生强袭者,17554,46,23,19
/Movie/detail.aspx?id=8TedxSiImqY%3d,幼女战记,59054,293,357,48
/Movie/detail.aspx?id=wwKtORJlwnY%3d,风夏,23954,112,117,30
/Movie/detail.aspx?id=17UMuH9bM6w%3d,Urara迷路帖,23241,135,85,10
/Movie/detail.aspx?id=%2ff2KWsX6ekU%3d,清恋 SEIREN,39807,194,153,56
/Movie/detail.aspx?id=0TJ6DuD3TaY%3d,从前有座灵剑山第2季,112714,514,497,103
/Movie/detail.aspx?id=ktzyJqL72y4%3d,秋叶原之旅,13074,52,51,18
/Movie/detail.aspx?id=gkJICXkZGm8%3d,Fate Grand Order,51803,209,99,41
/Movie/detail.aspx?id=Ul0NdzuRM9Q%3d,牙狼 Divine Flame 剧场版,35679,55,71,32
/Movie/detail.aspx?id=tH66%2bJ7yc8Y%3d,龙之谷：精灵王座,42301,192,400,51
/Movie/detail.aspx?id=E%2bRfnZdk0oo%3d,宠物小精灵XY剧场版19,54424,103,252,41
/Movie/detail.aspx?id=%2fkG12qUMx1w%3d,逗鸟外传：萌宝满天飞,67604,312,577,78
/Movie/detail.aspx?id=vs9oWcZZEWo%3d,画江湖之杯莫停,124417,383,290,130
/Movie/detail.aspx?id=p0jyxMsdjzY%3d,海洋奇缘,140509,2166,920,186
/Movie/detail.aspx?id=k965YbAaxag%3d,宠物小精灵太阳月亮,205605,506,1223,234
/Movie/detail.aspx?id=NJmo9CVacFo%3d,久保与二弦琴,82720,496,482,98
/Movie/detail.aspx?id=V2bX7Q15HFY%3d,名侦探柯南：纯黑的恶梦,195394,555,704,148
/Movie/detail.aspx?id=EaKNThv9mPk%3d,冰川时代5：星际碰撞,121348,564,477,103
/Movie/detail.aspx?id=cUgOlOsAOh0%3d,麦兜·饭宝奇兵,26981,77,144,68
/Movie/detail.aspx?id=XLiX0zXX9Ic%3d,海底总动员2寻找多莉,96331,523,474,80
/Movie/detail.aspx?id=sKjnwynXGnI%3d,红白黑黄第4季,21919,51,89,21
/Movie/detail.aspx?id=a1Ly9lQ1Fic%3d,香肠派对,149461,497,604,273
/Movie/detail.aspx?id=1pRLzggmHoU%3d,生死回放,32075,112,89,36
/Movie/detail.aspx?id=xnTdh3P%2fkG0%3d,启航吧!编舟计画,11695,101,129,7
/Movie/detail.aspx?id=Lp0ja%2ffQcjY%3d,少女编号,26506,102,94,21
/Movie/detail.aspx?id=ku%2fkIFVNL%2bY%3d,Flip Flappers,10900,23,19,11
/Movie/detail.aspx?id=bZ9aNQxadj8%3d,侍灵演武,39521,83,68,82
/Movie/detail.aspx?id=a%2fq2Kd5aAwI%3d,君临臣下,32107,78,109,45
/Movie/detail.aspx?id=Zjtu6ZGo4xs%3d,乌龙面之国的金色毛毬,38159,186,152,16
/Movie/detail.aspx?id=CRlS7d3xBh4%3d,三月的狮子,36748,168,114,22
/Movie/detail.aspx?id=dD5yv6VOUB0%3d,超自然9人组,44284,200,105,24
/Movie/detail.aspx?id=O1DkWATXyM8%3d,长骑美眉,8532,24,50,5
/Movie/detail.aspx?id=tJXNKQVaDX0%3d,漂泊者,100896,401,347,63
/Movie/detail.aspx?id=aIOLHknDlXg%3d,选择感染者第3季,20251,37,33,6
/Movie/detail.aspx?id=JdRgugOEJyA%3d,我太受欢迎了该怎么办,41092,245,267,39
/Movie/detail.aspx?id=GHXbolmWnjA%3d,冰上的尤里,60208,466,682,57
/Movie/detail.aspx?id=xFOzKk7PNlg%3d,灼热的乒乓球娘,10171,15,22,4
/Movie/detail.aspx?id=o0gHk%2f%2b77Yg%3d,ALL OUT!!,60846,117,153,40
/Movie/detail.aspx?id=kWqPuggJx4k%3d,竞女,57316,248,217,41
/Movie/detail.aspx?id=2WcxkI%2b4%2fqo%3d,吹响！上低音号第2季,19433,100,123,2
/Movie/detail.aspx?id=9d2AAmgLB1o%3d,吹响！上低音号,5864,57,47,6
/Movie/detail.aspx?id=iCdIcCJh2yI%3d,无畏魔女,16134,63,37,9
/Movie/detail.aspx?id=O6joT42vGjU%3d,黑白来看守所,52475,224,256,58
/Movie/detail.aspx?id=gxO%2blH0iYkU%3d,装神少女小缠,13750,37,61,4
/Movie/detail.aspx?id=6JoCa2EnWyQ%3d,加菲猫2双猫记,19870,100,162,20
/Movie/detail.aspx?id=bAJcglJO2rs%3d,怪物史莱克,9631,70,41,4
/Movie/detail.aspx?id=AYsHfTbRpeo%3d,虎虎生威,7465,7,228,48
/Movie/detail.aspx?id=FL42CHXboNg%3d,时空使徒,38264,129,70,53
/Movie/detail.aspx?id=5bhYwBe1nFw%3d,国民老公带回家,47992,142,193,77
/Movie/detail.aspx?id=VpD%2b7SIIzig%3d,怪物猎人物语,41581,158,159,41
/Movie/detail.aspx?id=i58AJ%2bOMZ0M%3d,少年侦探团,44261,213,174,32
/Movie/detail.aspx?id=gNi%2fsJh3x8Y%3d,12岁。第2季,17909,53,116,15
/Movie/detail.aspx?id=cVMOkUI%2bwfE%3d,斯特拉的魔法,10350,34,12,2
/Movie/detail.aspx?id=P%2fyGg6tNStk%3d,甜甜私房猫3DCG动画,12792,38,111,20
/Movie/detail.aspx?id=rM3Mk%2baPezQ%3d,SHOW BY ROCK第2季,12566,33,85,15
/Movie/detail.aspx?id=q73zIbc4UUQ%3d,星梦手记,12500,41,36,17
/Movie/detail.aspx?id=hLv9GRiI0h0%3d,我老婆是学生会长第2季,58091,222,257,63
/Movie/detail.aspx?id=ljUDdxktnT8%3d,时间飞船24,7872,13,34,16
/Movie/detail.aspx?id=eootpPZu5O4%3d,超心动！文艺复兴,19804,109,129,21
/Movie/detail.aspx?id=SIU4zMNGRzY%3d,刀剑乱舞-花丸,34170,171,108,26
/Movie/detail.aspx?id=1ZIFZQ4Jtsc%3d,歌之王子殿下第4季,15029,89,113,18
/Movie/detail.aspx?id=lTAoyDujAzY%3d,终末的伊泽塔,24665,109,58,17
/Movie/detail.aspx?id=rZwu3Xrw2YQ%3d,魔法少女育成计划,12836,52,56,12
/Movie/detail.aspx?id=sDmz3JSO1lw%3d,WWW.迷糊餐厅,19905,80,67,12
/Movie/detail.aspx?id=tJVWAPElxd0%3d,虎面人W,19685,22,50,22
/Movie/detail.aspx?id=o%2bozGv5UVTY%3d,梦幻西游第4季,15748,42,96,19
/Movie/detail.aspx?id=bKymjAZUcw8%3d,数码宝贝大冒险第3章,71683,174,219,37
/Movie/detail.aspx?id=obfiX5zOMGU%3d,蜡笔小新剧场版-爆睡梦世界大作战,78545,193,686,94
/Movie/detail.aspx?id=WSQ%2f3K9yBx4%3d,首尔站,68549,150,164,211
/Movie/detail.aspx?id=ThyZbJjTfnw%3d,双生灵探,53846,256,205,54
/Movie/detail.aspx?id=Ks%2fi%2fUhr5AA%3d,全职法师,176207,876,1547,253
/Movie/detail.aspx?id=myW5GSEmBH4%3d,龙珠GT,78577,170,379,79
/Movie/detail.aspx?id=JwpybTqJsdg%3d,最终幻想15-王者之剑,52534,282,220,53
/Movie/detail.aspx?id=SiJ4Ribgkxs%3d,七大罪特别篇圣战的预兆,55087,245,305,46
/Movie/detail.aspx?id=LdEYtB1dtHQ%3d,樱桃小丸子-来自意大利的少年,38881,165,205,30
/Movie/detail.aspx?id=uQ%2f7WQlaerw%3d,马男波杰克第3季,27888,260,134,29
/Movie/detail.aspx?id=0W7OElJe0Dg%3d,马男波杰克第2季,29495,255,133,30
/Movie/detail.aspx?id=9hFfBA58sTA%3d,马男波杰克第1季,78457,584,232,62
/Movie/detail.aspx?id=eQxs%2bZUV8U4%3d,梦幻西游第3季,33729,61,128,48
/Movie/detail.aspx?id=nxQQkqSx%2flY%3d,灵域第3季,71918,189,338,97
/Movie/detail.aspx?id=MIQwO6IIFNo%3d,武庚纪,114841,375,389,126
/Movie/detail.aspx?id=300JIMiqpfA%3d,哆啦a梦新大雄的日本诞生,73554,198,438,81
/Movie/detail.aspx?id=%2fGLO5UNPYvE%3d,爱宠大机密,119568,1785,670,109
/Movie/detail.aspx?id=dWDLOsHRel0%3d,拉拉队男子,11206,52,57,16
/Movie/detail.aspx?id=eo5JejfZM%2bY%3d,男子游泳部剧场版,18325,110,87,13
/Movie/detail.aspx?id=4KUsFF7NEN0%3d,飙速宅男剧场版,13771,27,48,15
/Movie/detail.aspx?id=TbA0rhHqlyw%3d,加速世界剧场版,46041,147,125,33
/Movie/detail.aspx?id=g58X3ztJUFk%3d,海贼王TV特别篇黄金之心,111425,196,478,84
/Movie/detail.aspx?id=oxg9VwS%2fBrc%3d,择天记第2季,67858,270,265,77
/Movie/detail.aspx?id=qicsGW6F8T0%3d,墓王之王,44648,195,159,53
/Movie/detail.aspx?id=Hi8sjjzVFyc%3d,一人之下国语版,70702,417,411,62
/Movie/detail.aspx?id=RJpITgoGCoE%3d,画江湖之不良人第2季,297435,527,552,179
/Movie/detail.aspx?id=sKOxNBBKCk8%3d,大鱼海棠,117997,648,876,206
/Movie/detail.aspx?id=spCp5LZoKOk%3d,弹丸论破3,51293,185,139,47
/Movie/detail.aspx?id=gxOh4h2pm94%3d,Active Raid 机动强袭室第八组第二季,18159,58,30,6
/Movie/detail.aspx?id=Xkxbnu3QADM%3d,Qualidea Code,47476,255,171,56
/Movie/detail.aspx?id=K2TCX%2fCe5fk%3d,91Days,33491,253,110,30
/Movie/detail.aspx?id=ri9P8x9Oko4%3d,发条精灵战记 天镜的极北之星,31216,120,138,30
/Movie/detail.aspx?id=Pljd%2bSf4S6o%3d,冰果,23822,213,184,23
/Movie/detail.aspx?id=PV2YKmkZu7k%3d,半田君传说,42371,239,264,36
/Movie/detail.aspx?id=yAIdq2YJEik%3d,这个美术部有问题,28733,157,148,46
/Movie/detail.aspx?id=a%2fpehcyngP4%3d,雷加利亚 三圣星,18730,44,21,21
/Movie/detail.aspx?id=g%2bhFHwRRElE%3d,魔法少女伊莉雅第2季,12638,42,41,7
/Movie/detail.aspx?id=al3PF5JhNo8%3d,魔法少女伊莉雅第3季,10982,44,40,6
/Movie/detail.aspx?id=AyDGOO1BOvY%3d,重返17岁,29345,260,325,33
/Movie/detail.aspx?id=WbgjONQ%2bxxc%3d,魔法少女伊莉雅第4季,22808,61,59,27
/Movie/detail.aspx?id=L6MdY0d%2f1PQ%3d,月歌,11784,53,70,19
/Movie/detail.aspx?id=cCk%2fJm49LRU%3d,惊鸿骑士杰克斯,21414,62,28,42
/Movie/detail.aspx?id=kg%2f%2ftwqGLlg%3d,吸血鬼仆人,45578,286,246,51
/Movie/detail.aspx?id=mzbPQFkdr50%3d,禁忌咒纹,77522,336,237,78
/Movie/detail.aspx?id=bIufK17cHMg%3d,甜蜜稻妻,16963,108,155,9
/Movie/detail.aspx?id=JlWSLR8EzZU%3d,orange,21606,181,171,10
/Movie/detail.aspx?id=srUolu5QWI0%3d,情热传说THE X,60320,277,292,65
/Movie/detail.aspx?id=B4Z4IrEis94%3d,亚尔斯兰战记第2季,29931,131,105,17
/Movie/detail.aspx?id=EkfqEJ6AVII%3d,Days,33347,91,159,20
/Movie/detail.aspx?id=BvO3WJKQrds%3d,Rewrite,20594,133,141,34
/Movie/detail.aspx?id=7SSVJyr5Tro%3d,B-project,17959,94,125,30
/Movie/detail.aspx?id=UxRhFQZv5OQ%3d,斗罗大陆第1季,12138,283,228,11
/Movie/detail.aspx?id=3YrE7ZExvtw%3d,生化危机 恶化,25510,73,81,15
/Movie/detail.aspx?id=%2fogMNo638%2b0%3d,寒蝉鸣泣之时·煌,669,11,3,1
/Movie/detail.aspx?id=47dAFYHIbHA%3d,寒蝉鸣泣之时·解,499,11,4,0
/Movie/detail.aspx?id=DSHTUdGz6sM%3d,寒蝉鸣泣之时·扩,478,12,4,1
/Movie/detail.aspx?id=G%2fwU6e0RVjk%3d,寒蝉鸣泣之时·礼,582,12,4,0
/Movie/detail.aspx?id=GhIbLbdRme0%3d,寒蝉鸣泣之时,1219,21,13,0
/Movie/detail.aspx?id=jeAoh39R13A%3d,黑子的篮球第3季,363677,385,913,123
/Movie/detail.aspx?id=RygcGOd8GUM%3d,龙之谷：破晓奇兵,47892,126,282,26
/Movie/detail.aspx?id=wYMBfpIxLlY%3d,龙珠超,2137262,3017,7538,1545
/Movie/detail.aspx?id=%2bjHrFg%2fLbp4%3d,LoveLive!Sunshine,15612,71,99,24
/Movie/detail.aspx?id=sStV6AYiq7U%3d,初恋Monster,31319,172,185,53
/Movie/detail.aspx?id=C%2bjVubozFPM%3d,剑风传奇第2季,46880,215,266,30
/Movie/detail.aspx?id=TB8CcfaPRco%3d,剑风传奇,20007,132,91,15
/Movie/detail.aspx?id=SgN7d9SZD%2fA%3d,魔装学园HxH,95342,557,599,157
/Movie/detail.aspx?id=kE3%2b1HPwfD4%3d,忧郁的物怪庵,34973,320,321,35
/Movie/detail.aspx?id=sYXnFv9OY9o%3d,灵契,38998,149,207,52
/Movie/detail.aspx?id=mMCBMcrliHg%3d,杀戮幻影-从零开始的反叛,43326,137,102,43
/Movie/detail.aspx?id=xRQZ0mSSSAE%3d,愤怒的小鸟,147884,512,954,156
/Movie/detail.aspx?id=q5GmhxcVrV0%3d,超神学院第4季,67114,219,311,54
/Movie/detail.aspx?id=htq31Rl3KL8%3d,追逐时间,9909,14,30,9
/Movie/detail.aspx?id=q77Z23osDw4%3d,田中君总是如此慵懒,41078,268,275,31
/Movie/detail.aspx?id=51epE8SoFLo%3d,镇魂街,213109,935,1555,187
/Movie/detail.aspx?id=YMXaI%2bzWEGA%3d,闪电十一人GO3银河,15249,46,183,25
/Movie/detail.aspx?id=nfN4p8mdOZ0%3d,纳米核心第2季,22168,89,143,27
/Movie/detail.aspx?id=KDtHFE%2bQb0Q%3d,混凝土革命 超人幻想第二季,13568,14,22,15
/Movie/detail.aspx?id=c4XVnxEtdgY%3d,魔笛MAGI辛巴达的冒险,66710,244,270,41
/Movie/detail.aspx?id=BfMac9Raik4%3d,Big Order,36062,99,71,44
/Movie/detail.aspx?id=Dnw1sgVmz3g%3d,女娲成长日记,50122,179,299,96
/Movie/detail.aspx?id=EblzAgTVVII%3d,闪电十一人GO2,13670,26,180,25
/Movie/detail.aspx?id=I7lTp1tYxC0%3d,青春波纹,16171,52,75,14
/Movie/detail.aspx?id=ZYFvieRZH94%3d,飞翔的魔女,32595,236,157,21
/Movie/detail.aspx?id=2N7gfnUzJHI%3d,羁绊者,37761,170,108,26
/Movie/detail.aspx?id=bQ1%2fTeEOAn4%3d,境界之轮回第二季,20177,75,75,14
/Movie/detail.aspx?id=XExiWSJDNoA%3d,萤火之森,42554,505,528,28
/Movie/detail.aspx?id=D62bDwVWDzU%3d,ENDRIDE,35414,100,58,27
/Movie/detail.aspx?id=evbbfFapx%2fU%3d,山口山战记 太阳井,33291,106,276,36
/Movie/detail.aspx?id=WKKB5UL9ixs%3d,影鳄第2季,12588,26,25,10
/Movie/detail.aspx?id=7e7lVlI8klc%3d,我叫坂本我最屌,170296,675,1192,148
/Movie/detail.aspx?id=yIS%2f7zt7FS4%3d,黑色残骸,44429,155,79,46
/Movie/detail.aspx?id=mFyVn51m404%3d,Super Lovers,49934,342,612,38
/Movie/detail.aspx?id=Pe5DeUThnkY%3d,Joker Game,31539,173,110,22
/Movie/detail.aspx?id=p5eS0Xv8AmQ%3d,闪电十一人GO,11778,30,137,26
/Movie/detail.aspx?id=bNUffDt80%2fw%3d,美少女战士Crystal第三季,42184,157,250,38
/Movie/detail.aspx?id=gFDeurkFxAk%3d,爆音少女,10866,35,25,7
/Movie/detail.aspx?id=wPi2jj8L170%3d,战斗陀螺爆裂,19574,27,126,23
/Movie/detail.aspx?id=5bDu9Gt2X7s%3d,迷家,35483,196,134,28
/Movie/detail.aspx?id=%2fPMBybw%2fhqM%3d,百武装战记,69979,319,260,68
/Movie/detail.aspx?id=xGjzlY32UE4%3d,熊巫女,17266,108,81,15
/Movie/detail.aspx?id=BwjzzxSLmRw%3d,超时空要塞DELTA,46290,181,166,37
/Movie/detail.aspx?id=ERS2hc2ZHlE%3d,JOJO的奇妙冒险 钻石不灭,87763,250,341,47
/Movie/detail.aspx?id=5sD3D%2fg1QaY%3d,高达UC独角兽TV版,28038,117,61,14
/Movie/detail.aspx?id=wOpupjY9Hgo%3d,Re：从零开始的异世界生活,219188,1067,1847,215
/Movie/detail.aspx?id=SYno1jxnpJo%3d,闪电十一人,14562,40,217,21
/Movie/detail.aspx?id=B5QP6%2bxk5QA%3d,忍者杀手SE,10597,28,16,79
/Movie/detail.aspx?id=LQMknrLgAtI%3d,我的英雄学院,126158,569,730,118
/Movie/detail.aspx?id=cKV%2f6dMny1c%3d,学战都市Asterisk第2季,57009,251,247,42
/Movie/detail.aspx?id=15%2bynUl4zLg%3d,逆转裁判,22817,80,73,31
/Movie/detail.aspx?id=NSJm0x7Oca0%3d,火星异种第2季,51575,174,134,96
/Movie/detail.aspx?id=57%2bQ%2b6qU2YI%3d,不可思议的游戏,13024,94,109,12
/Movie/detail.aspx?id=cdzoEd0io2Y%3d,勇者大冒险第2季,37376,148,147,28
/Movie/detail.aspx?id=ODmwLkbBVV0%3d,心灵想要大声呼喊,39536,378,329,45
/Movie/detail.aspx?id=wS927wGeKRY%3d,数码宝贝大冒险第2章,61778,149,189,31
/Movie/detail.aspx?id=SaGcZ%2bnRrVw%3d,半面人,26060,60,49,38
/Movie/detail.aspx?id=drSyg%2bwGAFM%3d,年兽大作战,17923,44,143,32
/Movie/detail.aspx?id=UCVmVqbYnQ4%3d,军火女王第2季,16794,100,42,8
/Movie/detail.aspx?id=tzEFNz7ELOA%3d,军火女王第1季,29489,163,158,26
/Movie/detail.aspx?id=uyJIDB%2fzPa0%3d,秦时明月之天行九歌,117168,365,253,89
/Movie/detail.aspx?id=Vpsr90LMouQ%3d,火影忍者 鼬真传,156906,342,452,118
/Movie/detail.aspx?id=tZaMOFE61Is%3d,先知,33087,253,105,18
/Movie/detail.aspx?id=b57g86giMM0%3d,浪客剑心星霜篇,6315,38,14,2
/Movie/detail.aspx?id=8yA67ZDRYhc%3d,机器猫,21535,79,160,13
/Movie/detail.aspx?id=Om10fL%2bjtcs%3d,熊出没之熊心归来,36588,103,422,123
/Movie/detail.aspx?id=g8igcuSpvaQ%3d,怪物的小孩,39963,241,425,26
/Movie/detail.aspx?id=8RwzCiywJok%3d,功夫熊猫3,158727,569,1060,142
/Movie/detail.aspx?id=ntZaTjDAdpc%3d,约会大作战剧场版,22517,119,170,18
/Movie/detail.aspx?id=y0hP7641RQE%3d,勇者大冒险第二季特别篇,22704,54,36,20
/Movie/detail.aspx?id=lPhMWVlKy2s%3d,灵域第2季,54787,161,193,65
/Movie/detail.aspx?id=C71zzyy9HUA%3d,苍之彼方的四重奏,29944,109,137,32
/Movie/detail.aspx?id=uL5Nc6zL7BA%3d,侠岚第6季,37368,76,214,38
/Movie/detail.aspx?id=NTkOag12gRg%3d,亚人,127523,504,378,98
/Movie/detail.aspx?id=baqMKnr9TxA%3d,爱神巧克力,32005,137,271,48
/Movie/detail.aspx?id=mF19xgDA1u0%3d,网球王子,76616,260,695,89
/Movie/detail.aspx?id=Uj1k%2bQITrkQ%3d,犬夜叉完结篇,32558,157,220,18
/Movie/detail.aspx?id=NnRbURcS244%3d,赤发白雪姬第2季,27881,164,309,26
/Movie/detail.aspx?id=Zk%2bnF3EfyzY%3d,血型君第4季,2348,28,13,3
/Movie/detail.aspx?id=UI03cn6Mm%2fc%3d,最弱无败的神装机龙,79764,361,436,80
/Movie/detail.aspx?id=p94mijxaQtw%3d,暗芝居第三季,5787,38,20,3
/Movie/detail.aspx?id=n3WCCkI5kzQ%3d,死亡黑标,35316,133,63,36
/Movie/detail.aspx?id=ArdvUI1isd8%3d,灰与幻想的格林姆迦尔,63523,344,339,47
/Movie/detail.aspx?id=t3USgXn1IDM%3d,虹色Days,27979,142,93,13
/Movie/detail.aspx?id=MsoPO0WH6uU%3d,无头骑士异闻录DuRaRaRa!! X2,14577,77,32,8
/Movie/detail.aspx?id=dnEA1fUalnA%3d,Dimension W,33466,171,130,13
/Movie/detail.aspx?id=eV45wfTIq2s%3d,神赐之门 Divine Gate,28154,97,79,27
/Movie/detail.aspx?id=6wdmr8vn8zM%3d,史努比花生大电影,34146,238,209,42
/Movie/detail.aspx?id=FY172LrsKUo%3d,舞武器舞乱伎,26449,90,67,24
/Movie/detail.aspx?id=2KKQHSUykuk%3d,GATE奇幻自卫队第2季,46011,195,135,40
/Movie/detail.aspx?id=lY1xKN9JK0A%3d,大叔与棉花糖,3848,29,23,1
/Movie/detail.aspx?id=eHYaiwQazjk%3d,梦幻之星,29968,108,96,17
/Movie/detail.aspx?id=iSR%2fVCfYl%2fU%3d,从前有座灵剑山,110318,497,767,93
/Movie/detail.aspx?id=Pm67Qbyuwn8%3d,暗杀教室第2季,135103,644,1243,117
/Movie/detail.aspx?id=sgR3fWqLr%2bY%3d,只有我不在的街道,49143,450,622,33
/Movie/detail.aspx?id=hBX1N2pxqcA%3d,少女们向荒野进发,16464,65,39,18
/Movie/detail.aspx?id=1uy4pt4dThA%3d,NORN9,24527,116,132,25
/Movie/detail.aspx?id=rR2nByBzYEY%3d,Active Raid 机动强袭室第八组,23469,80,43,12
/Movie/detail.aspx?id=9vMa4T%2bvPCM%3d,春太与千夏,16995,75,37,23
/Movie/detail.aspx?id=Z%2fX7l7eF%2bY0%3d,无彩限的怪灵世界,41865,235,176,30
/Movie/detail.aspx?id=A%2b%2bzcPj%2bsi0%3d,疾走王子,30201,134,216,17
/Movie/detail.aspx?id=Z6dQPHQdlm0%3d,魔笛MAGI,26530,136,226,29
/Movie/detail.aspx?id=HGrFHwCqFls%3d,火影-博人传,161556,372,873,79
/Movie/detail.aspx?id=gJ6p3DNmRB0%3d,超能力大战,30107,80,85,27
/Movie/detail.aspx?id=EwFn7u0Hktw%3d,缘之空,44491,258,377,73
/Movie/detail.aspx?id=68yAYU4c154%3d,犬夜叉,38958,232,476,45
/Movie/detail.aspx?id=ssB0gQgM0lY%3d,纳米核心,16187,74,84,19
/Movie/detail.aspx?id=%2bztZJBOW5Qo%3d,亚人剧场版,41096,188,190,28
/Movie/detail.aspx?id=FqgSgITT58E%3d,零之使魔F,9367,40,69,15
/Movie/detail.aspx?id=f%2bM5t50GtOM%3d,零之使魔-三美姬的轮舞,8499,37,58,10
/Movie/detail.aspx?id=%2b6u9mAXu0%2bI%3d,十万个冷笑话第3季,90550,213,337,172
/Movie/detail.aspx?id=FHO6JSmTx5o%3d,进击的巨人剧场版后篇,74648,186,141,52
/Movie/detail.aspx?id=JGG%2btEDePqI%3d,零之使魔2-双月骑士,8639,42,58,12
/Movie/detail.aspx?id=byOyFM6AAN4%3d,零之使魔,11206,66,95,8
/Movie/detail.aspx?id=JGzskd%2fccZA%3d,机动战士高达 雷霆宙域战线,31488,126,78,11
/Movie/detail.aspx?id=LxcaxE4g1C4%3d,新世纪福音战士,40135,208,247,31
/Movie/detail.aspx?id=D47YG2tcN4M%3d,恐龙当家,83746,479,595,104
/Movie/detail.aspx?id=%2fjw6lOxE2mU%3d,新世纪福音战士新剧场版Q,50937,147,98,12
/Movie/detail.aspx?id=9fristrJglo%3d,家庭教师,67079,350,1063,137
/Movie/detail.aspx?id=g7eSEHfB9PU%3d,圣斗士星矢,58345,246,394,59
/Movie/detail.aspx?id=LnCmIH3%2fhDQ%3d,宠物小精灵XY剧场版-光轮的超魔神胡帕,44066,98,251,44
/Movie/detail.aspx?id=oMOtuBQxuDI%3d,光速跑者21号,20698,89,181,28
/Movie/detail.aspx?id=PZej6xFgIcg%3d,海贼王特别篇雾之岛冒险,86815,92,128,54
/Movie/detail.aspx?id=MNq%2b7Mbu4Hc%3d,机动战士高达00第2季,25140,74,101,17
/Movie/detail.aspx?id=pktBtRpiq7c%3d,机动战士高达00第1季,29030,107,117,17
/Movie/detail.aspx?id=Xo6oXp8fCdM%3d,数码宝贝第6部,32140,88,171,41
/Movie/detail.aspx?id=YjVqhzJO%2bNQ%3d,通灵王,26757,131,200,26
/Movie/detail.aspx?id=jWfOPOzLtjc%3d,棋魂,30948,178,426,31
/Movie/detail.aspx?id=EQ0XnUSZDRg%3d,金童卡修,14335,49,96,8
/Movie/detail.aspx?id=VRtf4At6NIE%3d,幽游白书,32495,191,298,22
/Movie/detail.aspx?id=YX2jb7jEuw0%3d,宠物小精灵BW,49470,152,429,75
/Movie/detail.aspx?id=0YHnrrEwHZI%3d,青之驱魔师,42127,272,334,37
/Movie/detail.aspx?id=QzM8X6PfhPs%3d,中华小当家,66045,246,527,49
/Movie/detail.aspx?id=0o6y1rcdSLU%3d,红白黑黄第3季,17365,33,48,9
/Movie/detail.aspx?id=Gh5NkrYse54%3d,精灵旅社2,93950,426,939,55
/Movie/detail.aspx?id=XW5Mc4m3Ib0%3d,宠物小精灵钻石珍珠,47629,120,344,49
/Movie/detail.aspx?id=wldPOpNgRAA%3d,秦时明月之万里长城,32810,70,84,22
/Movie/detail.aspx?id=1WA6ey9pmvI%3d,秦时明月之诸子百家,22783,52,41,5
/Movie/detail.aspx?id=%2fBXeTmuJwTI%3d,秦时明月之夜尽天明,21890,47,43,10
/Movie/detail.aspx?id=0xJFThI53s8%3d,秦时明月之百步飞剑,21427,61,50,6
/Movie/detail.aspx?id=tDYIHYAbxYE%3d,王子与108煞,20242,30,28,46
/Movie/detail.aspx?id=h1ZgKWiIqD0%3d,数码宝贝大冒险第1章,74946,185,267,38
/Movie/detail.aspx?id=zJiVSSw9NyQ%3d,玩具总动员：被遗忘的时光,41510,223,123,27
/Movie/detail.aspx?id=%2fmUkeuF9kbQ%3d,玩具总动员2,23805,139,141,27
/Movie/detail.aspx?id=DmVeB2%2b7y2Q%3d,玩具总动员,25503,144,101,25
/Movie/detail.aspx?id=Mx%2fLCpK2Fko%3d,宠物小精灵超世代,45140,126,245,33
/Movie/detail.aspx?id=nPZQeuhAUV4%3d,海贼王剧场版合辑,154061,324,463,97
/Movie/detail.aspx?id=5IkgWTPwVEQ%3d,宠物小精灵剧场版合辑,54787,168,390,62
/Movie/detail.aspx?id=1j63rLavvV0%3d,攻壳机动队2015剧场版,28287,142,46,14
/Movie/detail.aspx?id=fsAokqcbG1Y%3d,宠物小精灵XY&Z,172812,337,1269,165
/Movie/detail.aspx?id=fVdBahTUItQ%3d,宠物小精灵无印篇,99553,303,670,108
/Movie/detail.aspx?id=frgSma6oI2s%3d,长江7号超萌特攻队,14872,29,86,32
/Movie/detail.aspx?id=R81RTMTkvL0%3d,灵域,75171,223,198,70
/Movie/detail.aspx?id=XSP2%2b%2fjNAfA%3d,黑猫警长之翡翠之星,28685,56,128,53
/Movie/detail.aspx?id=G0YU2qiRaI8%3d,棒球大联盟第6季,8911,18,41,3
/Movie/detail.aspx?id=dm%2bCFirIiRQ%3d,棒球大联盟第5季,7135,18,36,3
/Movie/detail.aspx?id=XcrEPCO9nCU%3d,棒球大联盟第4季,7237,23,41,5
/Movie/detail.aspx?id=xgTKrJflsZQ%3d,血型君 第3季,8710,25,19,1
/Movie/detail.aspx?id=plwY6Vr1OP4%3d,樱子小姐的脚下埋着尸体,31123,137,73,18
/Movie/detail.aspx?id=1N8DpkLo8Bk%3d,鲁邦三世新系列,15421,67,60,10
/Movie/detail.aspx?id=BE8c0OZdH4A%3d,怪物弹珠,38315,77,89,32
/Movie/detail.aspx?id=oBC%2byQ%2fudzM%3d,棒球大联盟第3季,6691,22,35,8
/Movie/detail.aspx?id=yMl9vbVufRY%3d,终结的炽天使第2季,57141,199,218,23
/Movie/detail.aspx?id=n7ypT%2fCgfS0%3d,棒球大联盟第2季,7212,58,99,39
/Movie/detail.aspx?id=Ah1rxOvOUMM%3d,新妹魔王的契约者第2季,43615,218,145,24
/Movie/detail.aspx?id=Njur%2fFjZ3%2fQ%3d,牙狼 红莲之月,20209,41,12,7
/Movie/detail.aspx?id=xG6TGq%2b6x1o%3d,全部成为F,17792,104,45,8
/Movie/detail.aspx?id=yLJ25R8RHQA%3d,棒球大联盟第1季,10296,30,82,5
/Movie/detail.aspx?id=g4rPC3NJ4P4%3d,画江湖之灵主,225675,377,545,120
/Movie/detail.aspx?id=zer7QxJkHnQ%3d,DANCE WITH DEVILS,22391,77,69,19
/Movie/detail.aspx?id=h8T65DzxGfs%3d,绯弹的亚莉亚AA,17334,69,33,10
/Movie/detail.aspx?id=0lcgFFYXIAg%3d,对魔导学园35试验小队,35992,186,123,23
/Movie/detail.aspx?id=FMa3xjjIXW8%3d,FATE ZERO,47822,288,310,41
/Movie/detail.aspx?id=kHaMDvaNUsM%3d,东京喰种Jack,43706,146,116,73
/Movie/detail.aspx?id=9autA%2bo8sz0%3d,阿松第1季,14013,73,94,19
/Movie/detail.aspx?id=kQ4hjc3evs0%3d,混凝土革命 超人幻想,11942,45,22,1
/Movie/detail.aspx?id=lFknI7jixWw%3d,KOWABON,15179,53,25,20
/Movie/detail.aspx?id=P6wVgIoPW5A%3d,彗星路西法,18377,72,41,10
/Movie/detail.aspx?id=v4fm4GiOiAI%3d,终物语,17350,84,39,18
/Movie/detail.aspx?id=lWKAremnozk%3d,传颂之物：虚伪的假面,34482,124,119,17
/Movie/detail.aspx?id=kaslSQJ8a20%3d,进击！巨人中学校,25203,91,118,20
/Movie/detail.aspx?id=w5x%2bRc%2f59Io%3d,金田一少年事件簿R第2季,38916,201,182,39
/Movie/detail.aspx?id=eKyI3%2fLGGks%3d,学战都市Asterisk,55115,256,189,26
/Movie/detail.aspx?id=O%2bylbbIclGE%3d,落第骑士英雄谭,51963,267,187,16
/Movie/detail.aspx?id=%2b4r6452vkrM%3d,魔鬼恋人第1季,14927,95,162,36
/Movie/detail.aspx?id=VC4%2b6Hn%2bbLs%3d,影鳄,11708,37,26,16
/Movie/detail.aspx?id=4qLMWgsogBw%3d,骇客娃娃,6862,18,37,9
/Movie/detail.aspx?id=RfoayDgxIqQ%3d,苍穹之法芙娜EXODUS第2季,11549,27,33,3
/Movie/detail.aspx?id=6DJ58yaSnko%3d,K第2季,54424,291,273,32
/Movie/detail.aspx?id=Ndm9dpMlVKc%3d,重装武器,35584,127,86,27
/Movie/detail.aspx?id=FNfqF1oAhcw%3d,野良神第2季,55817,320,361,27
/Movie/detail.aspx?id=oDb0WXk7VVo%3d,枪的假面舞会,9998,43,35,8
/Movie/detail.aspx?id=H9a7H7PAoEY%3d,青年黑杰克,12466,54,37,3
/Movie/detail.aspx?id=0f6kUS6rEHE%3d,秦时明月之帝子降兮,30787,47,26,30
/Movie/detail.aspx?id=jfDABfvObTU%3d,K剧场版,18016,130,69,11
/Movie/detail.aspx?id=lBslhAyj1Ow%3d,魔鬼恋人第2季,26800,124,181,22
/Movie/detail.aspx?id=qItLhZ1iuCo%3d,K,32626,237,189,40
/Movie/detail.aspx?id=TetwmlKy22s%3d,诡水疑云,13061,26,22,13
/Movie/detail.aspx?id=OgbHWjMtoKE%3d,诺亚方舟大冒险,21080,112,156,30
/Movie/detail.aspx?id=rPotWmC9Wic%3d,游戏王,70421,160,279,61
/Movie/detail.aspx?id=%2f9JjMfp263Q%3d,驱魔少年,66943,351,355,48
/Movie/detail.aspx?id=oly8EY94cN8%3d,我叫MT4-6季,19087,41,143,16
/Movie/detail.aspx?id=gJFF1KRPQDs%3d,台风的诺尔达,16677,87,28,12
/Movie/detail.aspx?id=PVSukVUR1qw%3d,一拳超人,399170,1243,4064,285
/Movie/detail.aspx?id=UzxhsEEy05Y%3d,妖精的尾巴 第1季,135000,595,1463,179
/Movie/detail.aspx?id=Anxxf6gPh4Q%3d,名侦探柯南：业火的向日葵,125801,289,388,59
/Movie/detail.aspx?id=CWTDd2Ydi08%3d,勇者大冒险之黄泉笔记,36051,67,124,26
/Movie/detail.aspx?id=1%2bMz1%2bq9jUM%3d,奥拉星：进击圣殿,18264,25,116,36
/Movie/detail.aspx?id=Hk9hLrVns24%3d,海贼王之萨博的故事 特别篇,87440,129,294,73
/Movie/detail.aspx?id=HOD3GI%2b2les%3d,花与爱丽丝杀人事件,27367,261,78,13
/Movie/detail.aspx?id=DhJxiF0A2ls%3d,雏蜂,27864,94,96,61
/Movie/detail.aspx?id=sbR6PI5ncic%3d,哆啦A梦：大雄的宇宙英雄记,41088,92,268,29
/Movie/detail.aspx?id=yhPT8yQ1r6w%3d,其实我是,18153,56,51,12
/Movie/detail.aspx?id=vqW7wi%2f9W4k%3d,干物妹！小埋,56791,272,488,48
/Movie/detail.aspx?id=PF8JEhiQhO8%3d,正义联盟：神魔之战,20172,46,42,24
/Movie/detail.aspx?id=K9B60267sGw%3d,龙珠Z：复活的F,75790,71,161,19
/Movie/detail.aspx?id=k6UcS6a6K28%3d,学园默示录,37849,257,220,23
/Movie/detail.aspx?id=w01Z0iDohnY%3d,心理测量者剧场版,27913,162,84,11
/Movie/detail.aspx?id=XuwAfmVcWwU%3d,七龙珠,123040,252,1164,130
/Movie/detail.aspx?id=Te06KC%2bnc%2b8%3d,择天记,75728,255,253,49
/Movie/detail.aspx?id=arbWaRbpYsw%3d,惊爆游戏,34501,188,176,39
/Movie/detail.aspx?id=oSSJux9Q9dk%3d,头脑特工队,63728,451,645,50
/Movie/detail.aspx?id=F7Ve9qwOsOs%3d,数码宝贝第5部,33367,84,145,47
/Movie/detail.aspx?id=JbQb3hZ3%2bzE%3d,数码宝贝第4部,42818,225,326,55
/Movie/detail.aspx?id=D6KnpFlotD8%3d,恶魔奶爸,36185,192,308,30
/Movie/detail.aspx?id=8ScoKwBdSSg%3d,学园孤岛,18331,48,64,13
/Movie/detail.aspx?id=TfY8aK6LC3A%3d,监狱学园,86406,365,567,52
/Movie/detail.aspx?id=hCjsaE8OIVQ%3d,群居姐妹,10462,37,24,9
/Movie/detail.aspx?id=rZkwEJ9ZrPs%3d,纯情罗曼史第2季,9886,122,110,24
/Movie/detail.aspx?id=yKKiWb3HJXk%3d,纯情罗曼史第1季,15145,163,178,34
/Movie/detail.aspx?id=KnFuVaALgJY%3d,纯情罗曼史第3季,22461,151,256,14
/Movie/detail.aspx?id=PTuRyDKaryI%3d,不死者之王,114252,597,754,60
/Movie/detail.aspx?id=vz5NoJFMei4%3d,空战魔导士候补生的教官,56844,213,125,40
/Movie/detail.aspx?id=aDUbkhe1s%2bU%3d,数码宝贝第3部,38813,119,226,22
/Movie/detail.aspx?id=BCjzYrioJXc%3d,魔物娘的同居日常,48797,191,192,26
/Movie/detail.aspx?id=iwLXtZdaZL0%3d,出包王女第3季,13610,167,150,40
/Movie/detail.aspx?id=hK8o9VExfEY%3d,猫和老鼠搜寻间谍,33368,113,197,32
/Movie/detail.aspx?id=iH7G25i1Ab0%3d,出包王女第4季,30719,136,146,13
/Movie/detail.aspx?id=452XaDxVs%2bA%3d,出包王女第2季,16559,112,103,15
/Movie/detail.aspx?id=yGgJKAv4hyk%3d,悠哉日常大王Repeat,9048,58,103,3
/Movie/detail.aspx?id=q74VaajZcHE%3d,赤发白雪姬,17981,143,219,56
/Movie/detail.aspx?id=d4VvvDKKBGI%3d,迷糊餐厅第2季,7659,50,39,1
/Movie/detail.aspx?id=cXOUxdrlYUA%3d,噬神者,97184,346,214,42
/Movie/detail.aspx?id=g4mWqGPoqcU%3d,迷糊餐厅第1季,11969,151,143,51
/Movie/detail.aspx?id=lbBUz%2bY%2fAZ8%3d,迷糊餐厅第3季,10738,59,58,6
/Movie/detail.aspx?id=%2bp7srniHAVk%3d,无头骑士异闻录×2 转,13953,74,37,15
/Movie/detail.aspx?id=ynOIHQk6qHI%3d,六花的勇者,39571,140,68,21
/Movie/detail.aspx?id=u1oKcCiH5OA%3d,Charlotte,31905,193,182,13
/Movie/detail.aspx?id=i%2fj6m6t%2fhns%3d,下流梗不存在的灰暗世界,71897,316,457,45
/Movie/detail.aspx?id=qY38ny6rzFE%3d,战姬绝唱第3季,11099,54,39,11
/Movie/detail.aspx?id=%2bKED6RnWNxE%3d,教室危机,9633,29,14,5
/Movie/detail.aspx?id=rtCJ4lgGEbU%3d,GATE奇幻自卫队,34496,147,122,14
/Movie/detail.aspx?id=NRgIWfjcNp8%3d,金箍棒传奇1,35556,61,89,70
/Movie/detail.aspx?id=ybHrpxnbfg0%3d,金箍棒传奇2：沙僧的逆袭,15857,34,97,11
/Movie/detail.aspx?id=zinVEPxmrVg%3d,潮与虎,97352,333,239,67
/Movie/detail.aspx?id=NLQ8lfwt%2b%2fA%3d,英雄别闹,12686,20,42,20
/Movie/detail.aspx?id=V1Uy6JUurtk%3d,青春×机关枪,17163,63,51,9
/Movie/detail.aspx?id=BsA%2bfu%2b3fCA%3d,城下町的蒲公英,12280,69,62,7
/Movie/detail.aspx?id=CXVAZdawlvU%3d,乱步奇谭,19690,88,51,11
/Movie/detail.aspx?id=jca5kJlxkQ0%3d,创圣的大天使LOGOS-全集,14880,18,22,30
/Movie/detail.aspx?id=3Wb2gBo0yYQ%3d,出包王女,19819,149,191,33
/Movie/detail.aspx?id=L9GxefAWYMo%3d,重返侏罗纪,20713,88,93,28
/Movie/detail.aspx?id=OLraTtYRlZQ%3d,chaos dragon 赤龙战役,29596,86,42,22
/Movie/detail.aspx?id=GueiQn3YatY%3d,GANGSTA匪徒,33729,179,170,27
/Movie/detail.aspx?id=ox%2brvg2O%2bsA%3d,我老婆是学生会长,39907,182,176,35
/Movie/detail.aspx?id=S8Qqmw%2bsBRc%3d,未来日记,24707,198,235,27
/Movie/detail.aspx?id=12lPZaf%2bKs4%3d,数码宝贝第2部,38542,114,263,83
/Movie/detail.aspx?id=eUATGEAqHAY%3d,空之境界TV版,17605,117,55,3
/Movie/detail.aspx?id=KXQWMYu%2bN1c%3d,有顶天家族,12535,85,69,16
/Movie/detail.aspx?id=X2QOo2hZJrI%3d,数码宝贝,65903,209,669,59
/Movie/detail.aspx?id=ZMjmyyWGY18%3d,Campione！弑神者,19205,105,81,15
/Movie/detail.aspx?id=znTr3hxANBA%3d,滑头鬼之孙之千年魔京,28161,138,136,19
/Movie/detail.aspx?id=Q9xhvmuHkPw%3d,狐妖小红娘,89407,448,890,92
/Movie/detail.aspx?id=MIeaaz0PFDc%3d,滑头鬼之孙第1季,26894,121,150,8
/Movie/detail.aspx?id=nayMrA3qnhk%3d,义军崛起第二季,6771,12,31,10
/Movie/detail.aspx?id=nrwyVa%2bSx%2bA%3d,加速世界,23652,145,241,35
/Movie/detail.aspx?id=EILbB01rW6w%3d,2B HERO,31611,97,168,36
/Movie/detail.aspx?id=zGH4fIjUwhk%3d,哆啦A梦剧场版合集,104153,284,574,80
/Movie/detail.aspx?id=kOpwzcV7cF8%3d,疯狂外星人,57891,635,271,22
/Movie/detail.aspx?id=9tyQ%2b02kOvw%3d,命运石之门,32383,284,325,24
/Movie/detail.aspx?id=Rv0IHp2iCLs%3d,海绵宝宝历险记：海绵出水,62711,196,432,60
/Movie/detail.aspx?id=NLA%2fAUXbBJw%3d,守坝员,18712,113,90,6
/Movie/detail.aspx?id=AKhWvnXewJI%3d,言叶之庭,35858,383,237,20
/Movie/detail.aspx?id=IaEkzTfJ6lc%3d,CLANNAD第二季,12297,91,105,6
/Movie/detail.aspx?id=kqo0uPlKzaQ%3d,青春之旅,20027,145,217,18
/Movie/detail.aspx?id=sKkvLbHsjOs%3d,CLANNAD,15939,143,119,8
/Movie/detail.aspx?id=4m2y1iV5tXI%3d,秒速5厘米,38815,479,163,40
/Movie/detail.aspx?id=6w13Mk9X1FQ%3d,小羊肖恩大电影,27885,170,165,18
/Movie/detail.aspx?id=vjbAcyJpp7g%3d,灰色的迷宫,25098,87,88,17
/Movie/detail.aspx?id=ZAEdVSSiNpY%3d,阿斯特里克斯历险记：诸神之宫,14872,61,54,3
/Movie/detail.aspx?id=EV%2bGZ3llZtk%3d,灰色的果实,18751,96,64,16
/Movie/detail.aspx?id=uPHTWBBsCMg%3d,歌之王子殿下第2季,10650,76,95,17
/Movie/detail.aspx?id=CTF7uyQU4vE%3d,歌之王子殿下第3季,10165,131,120,26
/Movie/detail.aspx?id=F3SPUyDUFW8%3d,灰色的乐园,29484,111,112,11
/Movie/detail.aspx?id=YPdjxeKPcI0%3d,一万年以后,37498,49,72,89
/Movie/detail.aspx?id=gSNJfXImH4U%3d,山田君与7个魔女,28614,142,163,89
/Movie/detail.aspx?id=fijzspKmR0A%3d,希德尼亚的骑士第2季,26825,89,56,3
/Movie/detail.aspx?id=LyfO4Y240Xk%3d,圣斗士星矢黄金魂,89325,149,259,35
/Movie/detail.aspx?id=ayGQ8uQ2Ih8%3d,伪恋2,20630,114,165,52
/Movie/detail.aspx?id=lOxnc0Znm8o%3d,Punch Line,18524,57,33,5
/Movie/detail.aspx?id=Vfy6pFO5LlE%3d,网球优等生第1季,11174,20,31,3
/Movie/detail.aspx?id=xQkhIm2o3OE%3d,绝命制裁X,23468,91,28,7
/Movie/detail.aspx?id=kLE0MTGZlKg%3d,蝙蝠侠大战罗宾,17008,51,62,8
/Movie/detail.aspx?id=rKhIlPPE5kk%3d,关于完全听不懂老公在说什么第2季,15431,64,49,6
/Movie/detail.aspx?id=hl2AwxM81YQ%3d,攻壳机动队AAA,20827,191,96,21
/Movie/detail.aspx?id=nDIjwi1TpMk%3d,网球优等生第2季,25160,30,49,7
/Movie/detail.aspx?id=urOTtOAzDG4%3d,亚尔斯兰战记,46026,141,115,16
/Movie/detail.aspx?id=LmY%2f2snoqqs%3d,枪神斯托拉塔斯,20794,56,22,13
/Movie/detail.aspx?id=zUxBvhG5lbE%3d,命运之夜重制版,40951,144,129,11
/Movie/detail.aspx?id=5QIuRYTjIv8%3d,血界战线,64603,362,150,23
/Movie/detail.aspx?id=ZsDNcS%2boEyw%3d,可塑性记忆,20670,133,132,40
/Movie/detail.aspx?id=87P2AwxsShc%3d,境界之轮回,24256,93,73,12
/Movie/detail.aspx?id=8L2PcyK8L9c%3d,电波教师,14895,42,46,4
/Movie/detail.aspx?id=ILYUe5ixcrk%3d,俺物语,20938,84,144,6
/Movie/detail.aspx?id=rxiy73426fY%3d,恶魔高校D×D第3季,81455,345,373,36
/Movie/detail.aspx?id=PhtjKNLdWks%3d,终结的炽天使,57120,223,261,19
/Movie/detail.aspx?id=LHxlmMD%2bFPc%3d,在地下城寻求邂逅是否搞错了什么,89120,386,496,26
/Movie/detail.aspx?id=jwWSNM4IP1c%3d,小长门有希的消失,8792,31,23,0
/Movie/detail.aspx?id=XuT4UQgFBV0%3d,食戟之灵,163307,661,856,81
/Movie/detail.aspx?id=pX%2byrtAYIx0%3d,我的青春恋爱物语果然有问题,17557,136,134,14
/Movie/detail.aspx?id=V3c1ri10BqQ%3d,灵感少女,9244,33,42,5
/Movie/detail.aspx?id=WINhJ%2b3a%2b3E%3d,我的青春恋爱物语果然有问题第2季,25856,137,180,13
/Movie/detail.aspx?id=dLXUWWofDVc%3d,勇者大冒险,30523,87,84,12
/Movie/detail.aspx?id=FLqkI0kzr9w%3d,境界触发者,108234,323,348,43
/Movie/detail.aspx?id=MRXOQc7H70c%3d,黑礁第2季,10994,69,35,2
/Movie/detail.aspx?id=gCGA%2b19x9ZQ%3d,黑礁第3季,9748,72,24,4
/Movie/detail.aspx?id=ctcgDHZhB7U%3d,黑礁,28224,148,72,12
/Movie/detail.aspx?id=S6lQgHCpuSI%3d,海洋之歌,20905,299,263,21
/Movie/detail.aspx?id=RcIV6Ti3ApM%3d,叛逆的鲁路修第2季,16785,159,250,10
/Movie/detail.aspx?id=bqFt2WPcHrs%3d,叛逆的鲁路修第1季,31392,214,230,22
/Movie/detail.aspx?id=Dw%2fStuZUIDo%3d,魔法禁书目录第2季,12903,134,77,8
/Movie/detail.aspx?id=x8XxLeUaVp8%3d,进击的巨人剧场版前篇,67280,154,90,53
/Movie/detail.aspx?id=qvly9tafplY%3d,回忆中的玛妮,14685,183,140,8
/Movie/detail.aspx?id=0UUYZoQ0UCg%3d,抢劫坚果店,17281,93,85,32
/Movie/detail.aspx?id=SL%2fNn5jJ3Lg%3d,魔法禁书目录第1季,22110,181,94,15
/Movie/detail.aspx?id=9zzIYzBf3Lo%3d,只有神知道的世界第3季,12325,103,157,52
/Movie/detail.aspx?id=LcjakEv0zlM%3d,只有神知道的世界第2季,10992,80,60,4
/Movie/detail.aspx?id=d%2fXZ4vi5UsU%3d,机动战士高达起源,14677,42,30,3
/Movie/detail.aspx?id=0lWVm7hjtpA%3d,只有神知道的世界第1季,16061,109,70,17
/Movie/detail.aspx?id=yRtfbUyLjWI%3d,死亡笔记,76979,442,735,58
/Movie/detail.aspx?id=rhF36WzvU9U%3d,黑执事第2季,16231,174,153,9
/Movie/detail.aspx?id=DMuLanSUY%2bA%3d,黑执事第一季,34961,281,345,42
/Movie/detail.aspx?id=V%2fbNC7RLvH8%3d,飚速宅男剧场版ReRIDE,8487,19,14,9
/Movie/detail.aspx?id=5LlWY%2fhzEOA%3d,黑执事幽鬼城杀人事件篇,28491,222,177,12
/Movie/detail.aspx?id=wugKttEiFxg%3d,小叮当：永无兽传奇,29888,203,189,24
/Movie/detail.aspx?id=BIo4NcP5xVg%3d,喜羊羊与灰太狼之羊年喜羊羊(枪版),32550,49,185,39
/Movie/detail.aspx?id=TTl5hU4BQJY%3d,军方,9367,18,38,36
/Movie/detail.aspx?id=vB1AbQ5bbhY%3d,路人女主的养成方法,38581,233,250,18
/Movie/detail.aspx?id=kwdFkk6loZc%3d,ISUCA依丝卡,17344,62,33,7
/Movie/detail.aspx?id=llilz11Mr9Q%3d,闯堂兔2：疯狂马戏团,10240,10,22,6
/Movie/detail.aspx?id=Lra2YYDr1Mo%3d,绝对双刃,31487,161,115,11
/Movie/detail.aspx?id=hkDBcvE61io%3d,超神学院第3季,46935,92,146,24
/Movie/detail.aspx?id=4JKp9lsmWb8%3d,无头骑士异闻录第1季,17845,94,66,8
/Movie/detail.aspx?id=nOzRh0IQvWQ%3d,正义联盟：亚特兰蒂斯王座,31083,58,41,19
/Movie/detail.aspx?id=yqTkNMMGt7o%3d,超能陆战队,121516,597,1219,93
/Movie/detail.aspx?id=gyZx1nG57jQ%3d,圣剑使的禁咒咏唱,45346,183,170,22
/Movie/detail.aspx?id=1L2Mdz8TTCA%3d,犬勇者物语第3季,11111,24,29,4
/Movie/detail.aspx?id=ueqUkUgRuFU%3d,幸腹涂鸦,8386,40,21,6
/Movie/detail.aspx?id=w82xvTfj3UI%3d,无头骑士异闻录第2季,16648,85,46,7
/Movie/detail.aspx?id=nu2rMMUYhqA%3d,死亡游行,26794,178,101,7
/Movie/detail.aspx?id=O7N6kXCoFL0%3d,JOJO的奇妙冒险 埃及篇,43449,114,107,11
/Movie/detail.aspx?id=oV1kIe1TzRs%3d,暗杀教室,96478,489,836,71
/Movie/detail.aspx?id=CvtcOjs%2b%2b8I%3d,铳皇无尽的法夫纳,22128,103,64,15
/Movie/detail.aspx?id=%2f7ZQQTAW6HI%3d,苍穹之法芙娜EXODUS,18674,38,37,16
/Movie/detail.aspx?id=Ejv84aNaYoc%3d,新妹魔王的契约者,65341,339,243,30
/Movie/detail.aspx?id=8QX8j%2fICA8o%3d,舰队收藏,16788,114,65,11
/Movie/detail.aspx?id=w6TIMjmOW5c%3d,血型君第2季,8749,113,106,35
/Movie/detail.aspx?id=CFohrm%2bYAiU%3d,美男高中地球防卫部Love,6633,18,25,20
/Movie/detail.aspx?id=fCfX7uVTfM8%3d,纯洁的玛利亚,9175,30,14,0
/Movie/detail.aspx?id=%2fhhbbkeiK%2f0%3d,元气少女缘结神第2季,53285,324,617,30
/Movie/detail.aspx?id=QMhk3o9iEr4%3d,梦幻西游2,56328,63,219,42
/Movie/detail.aspx?id=OQcwewTlr0I%3d,新网球王子OVA,43009,54,47,35
/Movie/detail.aspx?id=uadxdKIsfr8%3d,名侦探柯南2小时特别篇,105471,185,206,38
/Movie/detail.aspx?id=eukJWwyJfi8%3d,撸时代第2季,25895,105,108,42
/Movie/detail.aspx?id=ec4IkSfa2FQ%3d,宠物小精灵XY剧场版-破坏之茧与蒂安希,38647,75,135,16
/Movie/detail.aspx?id=2OTprsdCCbY%3d,生命之书,19052,181,129,17
/Movie/detail.aspx?id=ix7FyanjImU%3d,罪恶王冠,37931,325,247,28
/Movie/detail.aspx?id=coXICtWNfJ4%3d,马达加斯加的企鹅,41007,180,250,34
/Movie/detail.aspx?id=GsBHzi7Lwc0%3d,秦时明月之君临天下,282037,587,723,139
/Movie/detail.aspx?id=Lal%2bVwltSws%3d,旋风管家OVA,5167,21,10,2
/Movie/detail.aspx?id=x3iBH4OyKIk%3d,元气少女缘结神,27241,267,400,91
/Movie/detail.aspx?id=d9dxre7pnm0%3d,新大头儿子和小头爸爸之秘密计划,19311,44,105,41
/Movie/detail.aspx?id=C3%2bMIFzn3fw%3d,秦时明月之罗生堂下,22683,33,32,5
/Movie/detail.aspx?id=tH8SW3twet0%3d,眷恋你的温柔,9365,78,74,5
/Movie/detail.aspx?id=T66Y6g2nb0Y%3d,夏目友人帐第4季,24384,256,317,16
/Movie/detail.aspx?id=kGeJeKICYx0%3d,夏目友人帐第3季,20904,260,253,36
/Movie/detail.aspx?id=BK2PqhyFUN0%3d,死神剧场版-地狱篇,36690,116,73,16
/Movie/detail.aspx?id=aukPQYqmeRc%3d,夏目友人帐第2季,22596,248,258,18
/Movie/detail.aspx?id=DsTqCqP45f4%3d,魁拔3-战神崛起,33735,137,207,31
/Movie/detail.aspx?id=OHlUZeMZMkI%3d,夏目友人帐第1季,48915,442,379,57
/Movie/detail.aspx?id=plPywg%2fOFwg%3d,圣斗士星矢：圣域传说,42806,112,124,20
/Movie/detail.aspx?id=MKrUwxAKeZw%3d,里约大冒险2,23165,150,128,24
/Movie/detail.aspx?id=KDZXsjBgr5M%3d,斩赤红之瞳,192736,466,982,89
/Movie/detail.aspx?id=mnQEAg8aQ8M%3d,赛尔号大电影4-圣魔之战,12569,29,137,31
/Movie/detail.aspx?id=cT9ypIwCEXM%3d,端脑,26620,114,101,10
/Movie/detail.aspx?id=WM7urjlYgwo%3d,盒子怪,17196,122,78,9
/Movie/detail.aspx?id=NCxLliCZ3N0%3d,兽兵卫忍风帖,1632,9,4,2
/Movie/detail.aspx?id=7xPJqsbk57I%3d,兽兵卫忍风帖：龙宝玉篇,1954,16,8,0
/Movie/detail.aspx?id=KSGth3xjhS8%3d,日常,1033,27,32,1
/Movie/detail.aspx?id=zPW9DSgiqTA%3d,水果篮子,944,19,30,1
/Movie/detail.aspx?id=rl1Tn%2b71LEY%3d,校园迷糊大王2,5274,32,38,5
/Movie/detail.aspx?id=jgHIQuZ3H0k%3d,冰川时代3,16806,78,111,12
/Movie/detail.aspx?id=fq2ldStKTjE%3d,银魂,275830,953,2982,286
/Movie/detail.aspx?id=eUWgIOEDeZQ%3d,辛巴达历险记2,6986,31,42,17
/Movie/detail.aspx?id=O08QClr%2boLM%3d,猫和老鼠-迷失之龙,23894,69,149,17
/Movie/detail.aspx?id=I93DjgzXq5U%3d,心理测量者psycho-pass第2季,21944,173,74,10
/Movie/detail.aspx?id=%2bBzQKTVC5eM%3d,心理测量者psycho-pass第1季,27284,216,143,17
/Movie/detail.aspx?id=6sLR7c0yErU%3d,麦兜我和我的妈妈,13653,92,102,19
/Movie/detail.aspx?id=gcKGQZiqmkA%3d,飞机总动员2,21551,87,66,13
/Movie/detail.aspx?id=cp02W4IqDNo%3d,狼少女与黑王子,30430,158,188,20
/Movie/detail.aspx?id=WRN2uBj3s%2fo%3d,死神,269957,765,1662,288
/Movie/detail.aspx?id=7cZmwOwRhqY%3d,月刊少女野崎君,23953,232,239,20
/Movie/detail.aspx?id=A%2fZRbRYYNjY%3d,四月是你的谎言,38048,308,408,37
/Movie/detail.aspx?id=42mugaNnYAE%3d,甘城辉煌乐园救世主,10596,59,57,2
/Movie/detail.aspx?id=58Kum%2bB%2bMP4%3d,漫画家与助手们,7478,40,36,5
/Movie/detail.aspx?id=bqKOzoxsVGI%3d,火星异种,41104,97,124,26
/Movie/detail.aspx?id=TAf22mHRca4%3d,我家浴缸的现状,11477,64,53,3
/Movie/detail.aspx?id=iABQiX8XLkA%3d,电器街的漫画店,7415,41,46,47
/Movie/detail.aspx?id=z00%2fw9bQfUA%3d,棺姬嘉依卡2,11958,88,62,20
/Movie/detail.aspx?id=ZEcn9jLP2ic%3d,棺姬嘉依卡,14865,78,33,9
/Movie/detail.aspx?id=51nMu%2fC97J4%3d,七大罪,110095,404,634,81
/Movie/detail.aspx?id=irnQ2uXP1ys%3d,钻石王牌,105286,181,318,30
/Movie/detail.aspx?id=2q3ndFwKO%2b0%3d,选择感染者,8208,41,43,7
/Movie/detail.aspx?id=yOiHKyrntLY%3d,笑对阴天,16627,68,40,8
/Movie/detail.aspx?id=KWaBU1atXFE%3d,高达创战者Try,33124,72,147,23
/Movie/detail.aspx?id=gD5DE%2fhUxwk%3d,晨曦公主,25895,112,188,19
/Movie/detail.aspx?id=Y5MtgB1yRFA%3d,超神游戏,19958,30,55,9
/Movie/detail.aspx?id=u11Vo1lzXeE%3d,巴哈姆特之怒,13086,90,59,3
/Movie/detail.aspx?id=4n%2bvZhMu3jw%3d,日常系的异能战斗,16706,97,67,13
/Movie/detail.aspx?id=KGHGDBz7B4o%3d,魔弹之王与战姬,34575,189,150,24
/Movie/detail.aspx?id=B64K2gIJFPg%3d,记录的地平线第2季,36993,162,114,16
/Movie/detail.aspx?id=9YJ6PHe%2b%2bTw%3d,命运之夜之无限剑,38119,142,93,15
/Movie/detail.aspx?id=vLnwKCg7Yrk%3d,牙狼.炎之刻印,21341,81,41,6
/Movie/detail.aspx?id=XHvsNYdOrn4%3d,魔道书7使者,22650,121,127,13
/Movie/detail.aspx?id=pyoj7V2Cgas%3d,星球大战义军崛起,15664,43,97,7
/Movie/detail.aspx?id=dVe%2buBOF5ZY%3d,银仙,16183,96,72,9
/Movie/detail.aspx?id=vGe%2bCuiVK3Y%3d,飙速宅男第2季,30813,70,116,15
/Movie/detail.aspx?id=1YyPpeQW9RI%3d,天使与龙的轮舞,29474,112,107,12
/Movie/detail.aspx?id=%2fk0RbVYSdnw%3d,魔术快斗1412,36587,110,189,20
/Movie/detail.aspx?id=VUFen5iq69M%3d,选择感染者第2季,6102,24,29,4
/Movie/detail.aspx?id=BFqRx5ujSDc%3d,关于完全听不懂老公在说什么,18719,82,67,35
/Movie/detail.aspx?id=jdLY8TaRHvo%3d,名侦探柯南:异次元的狙击手,84224,161,186,32
/Movie/detail.aspx?id=6jBixSVB%2b7A%3d,秦时明月之龙腾万里,27674,42,110,6
/Movie/detail.aspx?id=B4msupTEc5U%3d,哆啦A梦：新大雄的大魔境,29377,83,214,28
/Movie/detail.aspx?id=d56H8t9xGg0%3d,lady宝石宠物,15533,42,329,19
/Movie/detail.aspx?id=tEZvg0yPYMU%3d,龙珠改,203926,276,1232,156
/Movie/detail.aspx?id=yc%2fbJgojTCw%3d,修业魔女璐璐萌,5709,20,23,13
/Movie/detail.aspx?id=hC6DacLL26I%3d,三坪房间的侵略者,14674,94,71,11
/Movie/detail.aspx?id=%2b6OaDyWUR1s%3d,东京ESP,18668,89,32,9
/Movie/detail.aspx?id=r3I3kcJmw1Q%3d,生存游戏社,6480,26,18,8
