莽荒纪	正文 第四十五卷 第十七章 梅花香（大结局下）	我吃西红柿	11143K	15-04-10	已完成
大明武夫	第一卷 大汉太祖赵进研究（5）（完本，内有完本感言和新书计划）	特别白	12225K	16-10-24	已完成
武道至尊	正文 第三百七十七章 终篇（下）这个世界，很疯	暗夜幽殇	41734K	16-11-01	已完成
魔天记	第一卷 蛮鬼风云 第七卷原始轮回 1552闻啼顿悟	忘语	11538K	16-01-05	已完成
武神风暴	正文 第2648章 明暗双子（大结局）	实验小白鼠	17393K	15-11-29	已完成
宝鉴	正文 第一千二百三十六章 天堂岛（大结局）	打眼	9624K	15-08-03	已完成
武极天下	武极天下5200 正文 武极后传（二） 两个心愿	蚕茧里的牛	16930K	16-11-16	已完成
官道无疆	第一卷 恰同学少年 官道无疆大结局（8）	瑞根	21923K	16-12-30	已完成
电影大师	正文 第648章 别多想了，现在也挺好的	机器人瓦力	6851K	16-08-26	已完成
万古至尊	第三卷 第2406章 千载风云尽付一笑（大结局）	太一生水	19375K	16-07-25	已完成
剑动山河	第一卷神剑轻云 第一七七四章 无法无天	开荒	11163K	16-01-31	已完成
灵域	正文 第一千八百四十一章 开启新时代！	逆苍天	12273K	16-09-24	已完成
我欲封天	正文 第十卷 我看沧海化桑田 第1614章 孤帆一片日边来！（终）	耳根	11498K	16-02-08	已完成
仙路争锋	第一部 仙门难进 第一百三十三章 尾声（大结局）	缘分0	11069K	16-10-10	已完成
一代天骄	正文 番外：团圆之日	一起成功	23940K	15-11-09	已完成
三界独尊	第一卷 新书发布通知 番外小文	犁天	16050K	16-06-06	已完成
英雄联盟之谁与争锋	第一卷 第1327章 我跟她，早就认识	乱	8346K	15-05-23	已完成
冠军之光	第三卷沙洲传奇 后记 第八次再见	林海听涛	10552K	15-08-27	已完成
贴身医王	第一卷 第1658章 后记	夜独醉	11632K	15-08-01	已完成
匹夫的逆袭	第二卷 后记	骁骑校	5442K	15-06-05	已完成
主宰之王	第一卷尘埃之地 第1585章 团圆（新书已发布）	快餐店	13360K	15-11-11	已完成
大官人	第二卷钱塘春潮图 最终章 盛世曙光	三戒大师	8759K	16-11-05	已完成
异世灵武天下	 后续五：大结局终章	禹枫	28031K	14-08-24	已完成
不死武尊	 ：番外之神魔大战	妖月夜	22728K	16-08-31	已完成
傲世九重天	傲世九重天 第八部 独裁苍穹 完本感言！（跟大家说说话儿（三））	风凌天下	22848K	14-09-07	已完成
绝世武神	正文 第2500章 大结局	净无痕	15560K	15-10-05	已完成
恋战星梦	正文 第二百章 恋战星梦	韩错	21693K	16-11-17	已完成
疯巫妖的实验日志	正文 番外 第四章 简单任务：寻找走丢的母亲	愤怒的松鼠	7223K	16-12-29	已完成
最强弃少	第一卷 新书消息	鹅是老五	17047K	14-05-20	已完成
大荒蛮神	降临蛮荒 第一百六十九章 再续前缘（全书完）	更俗	8021K	16-03-27	已完成
超级贴身保镖	正文 第两千八百一十八章 剧终，开始	东方小少	13598K	16-10-12	已完成
雪中悍刀行	 最终章 小二上酒	烽火戏诸侯	10261K	16-08-31	已完成
原始战记	正文 插播新书广告	陈词懒调	5548K	16-12-09	已完成
极品修真强少	正文 第1558章 T08暑假	鱼人二代	9231K	16-11-16	已完成
仙城之王	正文 1302 仙界（大结局）	百里玺	9409K	16-12-17	已完成
终极教师	第一卷、女神攻略！ 第858章、春去春又来！（以及完本感言感谢反击！）	柳下挥	6163K	15-11-03	已完成
太浩	第一卷鲲鱼篇 同人：如果没有梦蝶的世界34	无极书虫	9817K	16-05-21	已完成
公子风流	正文 完本感言	上山打老虎额	6596K	15-08-14	已完成
超能战神	正文 第1673章 幸福与真相（终）	古剑锋	8199K	16-06-05	已完成
从前有座灵剑山	第一卷升仙大会 第七十七章：再见	国王陛下	6428K	15-07-26	已完成
盛唐风月	第一卷当时年少青衫薄 后记	府天	9167K	15-05-04	已完成
九星天辰诀	正文 结后感言	发飙的蜗牛	7289K	14-04-25	已完成
魔装	第一卷 第一一八三章 终章	撞破南墙	7696K	15-07-31	已完成
天骄无双	正文 第五百八十一章 那个红头发的男人	跳舞	7934K	16-11-16	已完成
贞观攻略	正文 一千 我有一个梦想（大结局）	御炎	7781K	16-11-16	已完成
觅仙	第一卷匡庐四圣 第一千六百章 大结局之三道天庭	何不语	13210K	16-02-07	已完成
混世小术士	正文 2432 大结局	水冷酒家	11341K	15-02-17	已完成
天择	承之卷：妖脉变 终章（叁）	卷土	11418K	16-03-05	已完成
超级创作大师	第二节神话时代 第一千六百六十二章 炎黄联盟（大结局）	普顿	10365K	16-05-14	已完成
剑道独尊	第一卷 第一卷 林奇篇 中	剑游太虚	10947K	15-10-24	已完成
土豪系统	正文 完本感言	单纯宅男	4156K	16-11-16	已完成
苗疆道事	第一卷 饥饿年代 大结局：嘴唇很软，泪水很咸	南无袈裟理科佛	7520K	15-08-14	已完成
红缨记	正文 尾声（大结局）	东郊林公子	7130K	16-11-16	已完成
械医	正文 完本感言	完颜小白	8645K	15-06-15	已完成
中华第四帝国	正文 第一千五百二十六章 万世帝国（大结局）	流泪的鱼wyj	9993K	14-04-30	已完成
我的女友是丧尸	正文 第一千三百六十二章 未来总是未知数	黑暗荔枝	8846K	15-07-01	已完成
我们是兄弟	我们是兄弟章 节目录 大结局以及完本感言	纯银耳坠	14615K	14-09-06	已完成
无限之地球人的逆袭	第一卷 迷雾的世界 完本感言	干煸鱿鱼须	10100K	15-08-27	已完成
低调术士	正文 778章 我入归真！	短刀	6461K	15-10-26	已完成
美女请留步	正文 第六章 香饽饽	老施	13800K	15-05-11	已完成
阿拉德之剑	第一卷 三人行 第八百三十九章 比翼连枝当日愿（大结局）	时间的守护者	6284K	15-04-05	已完成
仙魔道典	第一卷 入世 第871章 完本感言	坏坏无极	5419K	14-12-19	已完成
戮仙	正文 第四百四十七章 尾声	萧鼎	5673K	16-05-23	已完成
升邪	第二卷 耀世天灵 小小少年，多可爱（完本感言）	豆子惹的祸	11814K	16-11-16	已完成
醉枕江山	正文 第八十三章 倾国倾城世无双	月关	10531K	15-04-28	已完成
傲世武皇	正文 第1026章 人族大帝（下）（大结局）	曾经拥有的方向感	6758K	16-11-20	已完成
妙医圣手	第一卷 第九百五十三章 既已成仙，何必登天？	五志	5983K	14-11-25	已完成
龙骑战机	龙骑战机第十八卷 完本手记	华表	10627K	13-12-03	已完成
统御万界	正文 第四四八章 开创（终章）	石三	6235K	16-04-30	已完成
透视之眼	正文 完本感言	星辉1	11319K	15-09-19	已完成
足球豪门	正文 最终章 属于他的传奇！	陈爱庭	9483K	16-03-11	已完成
王牌	正文 第八百八十七章 永不结束	虾写	5721K	14-11-16	已完成
玄门高手在都市	正文 第1314章 我要和我的朋友们在一起	五志	6330K	16-07-19	已完成
抗日之我为战神	正文 第二十二章 倒计时	风雪云中路	15591K	15-10-10	已完成
只手遮仙	第三卷虚空路上有神灵 第889 以身化轮回，以血化黄泉（大结局）	我本幕辰	4385K	14-10-13	已完成
战神	第八卷 第三十章 永恒传奇（大结局）	踏雪真人	6687K	15-01-22	已完成
创世至尊	第十六卷 第036章 菲利普家族	石三	6371K	15-06-16	已完成
官仙	官仙5200 正文 完本感言（下）	陈风笑	30816K	14-03-11	已完成
官场之风流人生	正文 第一千零三十五章 终章	更俗	8832K	14-05-13	已完成
胜者为王	第三卷 勇气与力量之城 后记 新十年，新征程，我们再出发！	林海听涛	12856K	13-12-21	已完成
网游之诡影盗贼	正文 后记：结束，也是开始！	尘缘暗殇	14306K	16-02-17	已完成
兵临天下	第二卷江夏 第1131章定鼎天下（全书完）	高月	8386K	14-12-22	已完成
东方好莱坞	第一卷 第六百三十章 尾声	一品黄山	4763K	16-01-25	已完成
洪荒道命	正文 第一千零八章 一个时代的落幕（大结局）	心如磐石	4919K	14-01-02	已完成
武动乾坤	第一卷 第一千三百零七章 我要把你找回来【大结局！】	天蚕土豆	11919K	14-02-10	已完成
神控天下	正文 第1740章 完本感言！！！	我本纯洁	15738K	15-07-08	已完成
无敌相师	正文 完本感言	林天	8729K	15-09-18	已完成
极品唐医	正文 第二百三十八章 保护腾云城	午夜冷风	8206K	16-09-22	已完成
网游之天下第一	正文 第51节 割喉	火神	12604K	15-10-01	已完成
超级能源强国	正文 第六百六十六章尾声	志鸟村	5737K	14-05-06	已完成
八云家的大少爷	第二卷・是男人就上100层 番外第16章 真的完结啦（全文完）	八云家的夜鸦	4798K	16-03-06	已完成
大逆转1906	正文 第７２７章 星辰大海，文明升华（大结局）	神圣智狼	6230K	16-06-19	已完成
大唐第一庄	第一卷 初到大唐 后记	晨风天堂	6516K	14-07-16	已完成
校园修仙	正文 第两千一百七十四章 征战（完结）	无言123	15775K	15-12-16	已完成
泡妞低手	正文 巫殇篇【25】（终）	青狐妖	12101K	15-08-07	已完成
丹武	第三十二卷 天门权杖 第七百七十九章 终章	寒香寂寞	11416K	16-06-01	已完成
天书奇谭	第十九卷蓬莱 第十四卷 岁月第二章 食仙	楚白	7124K	14-12-22	已完成
苗疆蛊事	终章之终极一战 完本感言	南无袈裟理科佛	9862K	14-06-08	已完成
成神	正文 《成神》大结局【全本完】！	梦游居士	21571K	14-03-05	已完成
龙组特工	【第一卷&#xB7;龙在江湖】 第3150章 终结（下）	Sky威天下	14886K	15-10-29	已完成
重生之我为神兽	第十卷冰宇大世界 第二十九章 真正的天道（大结局下）	打死都要钱	6652K	15-03-31	已完成
帝凰之神医弃妃	正文 凤战与陆与沫（一）	阿彩	11786K	14-07-30	已完成
光明纪元	正文 第四百二十九章 金舵家族	血红	17766K	15-10-17	已完成
房术	正文 完本感言和新书！	跑盘	4709K	14-04-13	已完成
天才相师	正文 第九百三十八章 破碎虚空	打眼	6291K	14-05-15	已完成
独医无二	第一卷 云城风云 第八百一十一章 大结局	笑论语	5536K	14-09-08	已完成
罪恶之城	卷六 若烟火般绚 完本感言	烟雨江南	10240K	14-10-16	已完成
武侠世界大拯救	正文 完本感言	殊彦	4325K	16-06-14	已完成
请回答二零一四	正文 完本感言	回锅豆腐	5645K	16-11-16	已完成
超神猎人	正文 第九百三十一章 大结局	不是浮云	6324K	16-11-16	已完成
机甲天王	第一卷 第1034章 改天换地（完）	古剑锋	7338K	14-09-23	已完成
求魔	第一卷 人生若只如初见 新书公告	耳根	12138K	15-09-01	已完成
龙起洪荒	第四卷：巫妖时代 第二百三十章 ：龙起洪荒（收官）	沧海之心	12989K	16-05-11	已完成
人生宛若梦幻	正文 后记	李北羽	6369K	16-11-16	已完成
遮天	正文 我的新书《完美世界》已上传，请兄弟姐妹来观看	辰东	16605K	13-08-16	已完成
大漫画	正文 第一一三六章：她的世界（大结局）	三月一	7764K	16-04-30	已完成
狂仙	初涉仙界 第一千二百五十二章 一梦千年（大结局）	陈风笑	9174K	16-05-27	已完成
战神无敌	正文 第七百八十三章 这是我的天地（大结局）	胜己	5356K	15-10-31	已完成
宠魅	正文 后记第一章 它在某个时空	鱼的天空	14867K	13-09-30	已完成
绿茵教父	第一卷 最终章 今夜之后，再无传奇！	陈爱庭	9565K	15-01-08	已完成
我的盗墓生涯	第六卷 西域惊梦 第一四零三章 我的盗墓生涯（大结局）	道门老九	7473K	15-12-18	已完成
炼神领域	正文 第一千二百九十一章 大结局	失落叶	9409K	16-07-20	已完成
重生之娱乐风暴	第一卷 起航 第九百三十六章 化凡重生（大结局）	葆星	8730K	16-10-27	已完成
冰火破坏神	正文 完本感言和新书消息	无罪	5340K	14-08-17	已完成
紫阳	正文 第五百八十章 天地	风御九秋	4192K	15-12-08	已完成
我的影子是食神	第一卷 厨王争霸 后记	李家大儿	4856K	16-07-02	已完成
我的岳父大人叫吕布	一不小心救了吕布 第九百五十七大结局	大哥有枪	9788K	16-11-16	已完成
文艺时代	正文 番外之重生的正确打开方式	睡觉会变白	6278K	16-11-02	已完成
剑圣	正文 后记，有几个人物的小小交待	蒙白	4107K	16-11-16	已完成
黄金牧场	正文 第一千零六十一章 全球大地主【大结局】	卖萌无敌小小宝	5348K	16-10-14	已完成
天地霸气诀	正文 完本感言	我丑到灵魂深处	9594K	13-07-31	已完成
无上神通	第一卷 第九百三十三章 大结局之秦政的武脉！	傲天无痕	6880K	14-07-31	已完成
永镇仙魔	第一卷 改运神腾 第九百八十八章 我无处不在【大结局】	知白	7396K	16-06-27	已完成
我叫丁春秋	正文 第三百一十章 大结局（内附道歉信！）	巨龙的时空	2402K	14-12-15	已完成
声色	正文 第一一四章 梦想归处【全书完】	皂白	10392K	16-11-16	已完成
电影之王	第一卷 烂片终结者 第十五章 终章 .人类之敌	子爪	3490K	15-03-21	已完成
超级无敌召唤空间	正文 第七百二十章 大结局及结束感言	我是小小泽	4569K	15-12-02	已完成
唐朝小官人	正文 第四百五十二章：定鼎天下（大结局）全书完	上山打老虎额	4377K	16-07-18	已完成
人皇经	正文 后记	空神	8983K	14-03-24	已完成
重生之大英雄	正文 结尾感言	沧海煮成酒	3189K	16-02-17	已完成
养妖记	第一卷下燕村正 第九零九章：大结局	君不见	7069K	15-05-09	已完成
医道官途	医道官途开疆拓土 第一千二百八十六章【后记】（下）	石章鱼	25808K	13-10-21	已完成
梦幻兑换系统	正文 第一千一百四十九章 完结	墨梦尘	6838K	14-11-04	已完成
不良之年少轻狂	正文 完结感言（本章公告免费）	抚琴的人	6761K	13-10-20	已完成
武临九霄	武临九霄 武临九霄第四卷 264.第264章 以我之名，冠你之姓	么么	9349K	16-09-22	已完成
圣堂	正文 九百七十六 另一个开始（大结局）	骷髅精灵	8391K	14-01-20	已完成
绝代武神	正文 告别2014，迎来2015！！！！	庚新	4395K	15-02-19	已完成
站在食物链顶端的男人	卷二 进击的逗比 第724章 离开五维空间	大笨淡	5047K	16-11-16	已完成
赤色黎明	赤色黎明 群党并起 161 升旗	绯红之月	10272K	14-04-18	已完成
进击的大内密探	第三卷 西行平“妖”记 第六百零九章 一切都是算计（大结局）	剑舞秀	4654K	16-11-20	已完成
黑道邪途	正文 第1338章 婧衣现，大结局！！	影独醉	7024K	14-02-28	已完成
江山国色	第三卷 太行山 后记	幸福来敲门	5513K	16-11-16	已完成
萌萌山海经	第二卷青龙鸣 十年，让我们再一起启程	肥面包	9874K	16-08-08	已完成
杀神	正文 第一千六百零八章 永恒不朽（全书终）	逆苍天	13671K	13-04-08	已完成
火爆天王	第一卷、谁家有男初长成！ 第933章、满月（3）！	柳下挥	8380K	14-12-03	已完成
三国第一强兵	卷一 男儿生乱世，乱世当称雄 完本感言	鲈州鱼	8007K	14-05-04	已完成
我的美女总裁老婆	正文 第1665章 【后记】	霉干菜烧饼	11057K	14-04-07	已完成
帝玄天	第一卷 药奴翻天 完本感言	暮雨尘埃	13173K	16-02-06	已完成
重生最强农民	正文 0862章 新的征途（大结局）	四高男人	7412K	14-02-13	已完成
妖刀	第一卷 第1369章 亲情（大结局）	青翼蝠王	8834K	15-06-15	已完成
高手寂寞3我即天意	正文 第一千一百八十八章 迈向美好的终章 （结局章 ，也是浑沌纪元十四部曲的最终结局章 ……）	兰帝魅晨	7942K	15-04-30	已完成
圣王	正文 第一千六百章 最后的时刻 {大结局}	梦入神机	14105K	13-04-30	已完成
极品相师	极品相师 第一卷 第1165章 心愿已了大结局	鲲鹏听涛	15366K	16-06-08	已完成
死人经	第一卷 杀手少年 第一千二百一十二章 告别	冰临神下	8851K	14-05-08	已完成
全民大穿越	正文 593莫煌一族的传奇大冒险（	朱颜血夜莲	6557K	16-09-24	已完成
官路逍遥	正文 第一千零四十三章 终章 后记	小农民	7503K	15-03-13	已完成
末日领主	正文 第八百五十六章 大结局	想枕头的瞌睡	5883K	16-05-11	已完成
潘康朗	正文 第七百零一节 大结局	小飞鹅	4870K	14-03-31	已完成
神煌	正文 完本感言	开荒	10725K	14-08-12	已完成
深渊魔神	第二卷 征途 第701节 终焉亦或开始（全书完）	似雪A流年	5624K	15-08-05	已完成
一品江山	一品江山第七卷 【鹊桥仙】 终章 仁者天下	三戒大师	5554K	13-05-17	已完成
傲世丹神	第一卷 第3820章 完美纪元	寂小贼	18202K	16-01-03	已完成
混沌武神	正文 第1292章 众神之王（大结局）	萧禹	8133K	16-11-21	已完成
医师	正文 第七百四十一章 再上路！（终章 ）	草席	6478K	13-12-30	已完成
绝对权力	正文 完本感言兼新书安排！	不信天上掉馅饼	7489K	13-10-31	已完成
物理高材修仙记	正文 第一千六百八十八章 开天辟地（大结局）	心如磐石	9759K	13-06-30	已完成
上位17k	正文 一千一百二十三章 没有遗憾	寂寞鸦片	5770K	16-11-07	已完成
逆杀神魔	第一卷 寒星城 第四百九十八章 一骑 双龙！！！	秒速九光年	3676K	14-02-13	已完成
绝色诱惑	正文 第二五零二章 圆满（大结局 完本感言）	钟若风	12283K	14-03-01	已完成
蛋王	正文 第671章 痛并快乐着（全书完）	蒙古小哒子	4682K	15-01-16	已完成
姐妹花的贴身保镖	第十四十卷 归来 第四十四章 普通航班	冷酷社会	11693K	14-03-16	已完成
仙朝	第一卷人世间 第五十五章 香火信仰之力 七宗罪（结局）	蛇吞鲸	4422K	15-01-30	已完成
凡人修仙传	第九卷 灵界百族 凡人外传仙界篇一	忘语	17239K	14-01-24	已完成
穿越归来	正文 第七百七十五章终章	梦道者	5131K	14-05-06	已完成
超级农业霸主	正文 target=_blank第一千三百二十二章 大结局	贪狼独坐	2441K	16-11-16	已完成
狂仙（璇玑心德）	正文 第一千四百七十八章圣人之道	璇玑心德	9845K	14-08-15	已完成
独步山河	第一卷星云彼岸 尾声一	胡鳕	2663K	14-10-22	已完成
超神系统	正文 第733章 仙界的秘密（全书完）	虫2	6609K	15-06-15	已完成
星际大头兵	殖民之乱 259章 终极之战（下）	大梦依稀	6245K	14-05-22	已完成
无限动漫作弊器	第一卷 海贼世界 第七十六章 新的开始（完结章 ）	天堂在左我向右	3077K	14-05-02	已完成
玩转香江	正文 第四一二章 他留下的传奇（终）	将臣之名	2400K	14-04-22	已完成
伐清	正文 第七十节 无题	灰熊猫	5878K	14-01-22	已完成
仙国大帝	正文 仙国大帝完结篇	观棋	9705K	13-11-20	已完成
秦皇纪	第四卷 王者归来 结束语	殷扬	5234K	13-12-08	已完成
剑主苍穹	1 第八百九十章 一切之因一切之果	乘风御剑	6565K	16-11-04	已完成
抗战老兵之不死传奇	第一卷淞沪会战 后记	寂寞剑客	4480K	14-05-06	已完成
王牌特工	正文 第一千一百九十九章 我不愿让你一个人！（	肥茄子	8509K	13-11-02	已完成
花都酒剑仙	正文 完本了，谢谢大家的一路陪伴	千里大黑马	5210K	14-03-13	已完成
官德	02卷 ：狂暴科员 第838章 黑洞（大结局）	奥比椰	6094K	14-02-06	已完成
晚明	正文 尾声 茶馆	柯山梦	4935K	14-03-27	已完成
刀纵天穹	正文 五百三十章 终章 相约万亿年！	无心论道	3909K	14-06-30	已完成
我的二战不可能这么萌	正文 1181 终章，迈向未来	月面	8234K	15-08-25	已完成
与狐仙双修的日子	作品相关 完本感言，新书事宜	美女请自重	4987K	14-03-04	已完成
孤男寡女请关灯	第二卷 北城教父 0247章 亦天豪vs陌路【三】	梁不凡	6004K	15-09-25	已完成
玩转韩娱传	正文 第一千五百四十三章 画上完美句号（全本完）	笑星柚子	12807K	14-12-02	已完成
史上第一大魔神	上部・荒神 迟到的完本感言	神魔巫仙妖鬼人	3664K	15-02-14	已完成
全能召唤师	正文 第四百四十八章 我回来了	跳动的硬币	3222K	14-04-25	已完成
游侠系统	正文 完本感应	西楚中原	4614K	14-04-23	已完成
赤城	始看鱼跃方成海，即睹龙飞利在天 九百五十五、大结局（以及新书预告）	流浪的蛤蟆	5094K	16-05-18	已完成
剑尊	第一卷 我命由我 第一千零八十七章 亡魂	江山羽	7928K	16-11-16	已完成
持戒者	正文 第1356章 何去何从	维西	9259K	14-10-17	已完成
邪神降临	正文 第七百四十九章 他们的传说	血夜独狼	5892K	14-02-04	已完成
恐怖高校	正文 第二十四章 那片青天	大宋福红坊	9596K	16-04-17	已完成
导演传奇	正文 0396 【大结局：我是一名导演】	白是一种境界	2353K	14-02-07	已完成
降临电影世界	正文 第五百三十二章 结束在开始的时候《大结局》	龙升云霄	3747K	16-11-17	已完成
网游之全职跟班	第二卷：启示录 第1010章 大结局	四季梅	5406K	14-04-16	已完成
无限进化	第三卷英雄联盟 终章 皆大欢喜	咬狗	3433K	15-08-19	已完成
末日之钢壳系统	正文 第三百九十八章大结局	偷看书的懒猫	1983K	14-07-03	已完成
护花狂龙	正文 第2560章 大结局！	青狐妖	12243K	14-02-21	已完成
商海谍影	正文 大结局 风雨歇 布衣亦从容	常书欣	2876K	15-05-01	已完成
都市无上仙医	正文 第一千九百八十四章 混沌教主（全书完）	断桥残雪	11830K	16-12-01	已完成
混之从零开始	正文 《混之从零开始》完结感言	不易	4324K	13-10-29	已完成
疯狂太岁	正文 第589章后记（大结局）	最爱吃凉糕	4088K	14-02-28	已完成
一睡万年	正文 549 大结局	翔炎	3862K	15-07-31	已完成
空间基地军火商	第一卷 第600章 起点即终点(完结篇)	低端疯子	3993K	14-03-08	已完成
铁骨	正文 第二二三五章 尘埃落定（全书完）	天子	21611K	13-09-15	已完成
七品封疆	正文 第四百三十三章尾声	普祥真人	2018K	15-04-05	已完成
神圣幻界	正文 大结局	一个人走过	3056K	14-03-30	已完成
重生之天生我才	第一卷 第549章：最后一部武侠小说（大结局）	天下第一白	4357K	14-01-24	已完成
我的尤物老婆	我的尤物老婆第九卷 启动 第三十二章 最后一曲蛋蛋的忧伤（大结局）	熊猫胖大	10938K	14-01-11	已完成
位面武侠神话	正文 后记及新书	望天邀明月	4811K	14-05-04	已完成
校花的贴身保镖	正文 第2052章 大结局！	烟枪	13842K	16-11-07	已完成
神农传承者之位面诊所	第三卷 诊所开业 扬名四方 第508章 大结局	暴力快递员	2843K	14-02-22	已完成
我的合租情人	正文 第1120章	坐墙等红杏	12064K	15-07-04	已完成
黄金瞳	作品相关 完本之后的几句话	打眼	9194K	15-08-03	已完成
天下寻妖	第六卷 痛嚎 后记	草席	1847K	14-12-09	已完成
农家仙犬	正文 第四百四十九章自然	钓鱼1哥	3191K	14-03-17	已完成
天目	第二卷 战神遗迹 完本感言	弥煞	4646K	13-12-03	已完成
超级强者	第四卷 攘外安内，世界之巅 完本感言和新书说明	我本疯狂	8426K	13-07-13	已完成
六道仙尊	第八卷 扬名天下 第四百三十章 鸿蒙至尊（大结局）	云霆飞	17120K	13-12-02	已完成
全能司机	正文 完本感言	真爱丫	3961K	13-10-12	已完成
鸿蒙圣王	正文 第七百三十六章 宿命	云泪天雨	5013K	14-02-13	已完成
魔狱	正文 后记	造化斋主	7903K	16-08-09	已完成
末世盗贼行	正文 第二十六章 属于我的时代	雨水	4857K	14-01-27	已完成
漫威世界新万磁王	正文 番外 杜姆的报复	座上人	2348K	15-06-17	已完成
拜师八戒	正文 第672章 4头大妖	大梦泣	5088K	15-01-05	已完成
吞天决	正文 第一千一百七十三章 吞天决	铁马飞桥	6914K	13-11-14	已完成
网游之零纪元	正文 第三百八十二章 新的生活（大结局）	不是浮云	2616K	14-02-20	已完成
少年药王	第一卷 龙游都市 第三百八十六章 （众神归位）大结局！	飞舞激昂	12397K	15-06-01	已完成
超级散仙II	正文 第384集 ：大结局（续集 简介、完本感言以及无限第三部更新预告）	那一抹绯色	2459K	14-03-18	已完成
神医圣手	正文 第144章 鬼鬼祟祟	小小羽	11713K	15-07-19	已完成
无敌柴刀	第五卷 群魔乱舞 第一百九十八章 大结局	梦别绪	9759K	14-01-07	已完成
霸情冷少，勿靠近	正文 186 陆青vs秦桑榆（全文大结局）	沐小乌	3796K	15-09-09	已完成
走肉行尸	第一卷 末日危途 第七百九十五章 生如夏花（下）全书完	十阶浮屠	6086K	14-03-19	已完成
仙府道途	正文 结束语！	云鹤真人	12071K	14-01-01	已完成
墨门飞甲	正文 第一千二百七十七章 一辈子的朋友（大结局）	骑猪的胖子	9968K	16-08-27	已完成
辐射的秘密	外传 第666章 ――猪脚就此过上性福的生活！	通吃道人	4994K	14-02-07	已完成
清客	第一卷少年击剑更吹箫 第214章 谨以此章 向书友们告别	贼道三痴	1501K	15-02-05	已完成
都市读心高手	正文 第四百一十七章 美好的结局	不踩香蕉皮	2360K	14-02-09	已完成
无限从漫威开始	第一卷 这是漫威的世界？ 第两百二十三章 大结局(话说应该是贴大纲)	乌鸦的马甲	1727K	16-11-16	已完成
逆进化	第八卷探谜者VIP卷 终	底虚	5272K	15-07-29	已完成
钢铁躯壳	第一卷 恶魔代理人与一个好人 第541章 未知的未来（大结局）	疯狂伊凡	4189K	14-05-19	已完成
天道种植者	正文 第二百八十四章 虚无界（终章）	鬼语星龙	1972K	14-02-03	已完成
地球OL	第四卷 资料片 【终章】 有那么一个人	道三生	7183K	14-03-24	已完成
神魔练兵场	地球之秘 207 最后的决战（大结局！）	不冷的天堂	5294K	14-04-19	已完成
妖族	正文 第一百八十章 百妖路启	衣冠似雪	1300K	16-11-21	已完成
苍天霸业	正文 完本感言	一般不发言	5476K	14-06-19	已完成
超级宠兽系统	正文 第七百七十章 就要粘着你（结局与完本感言）	梦狂风	5143K	14-01-17	已完成
十方天士	第二卷 第六百三十章 始终（大结局）	逆苍天	5918K	12/5/2002	已完成
超级基因优化液	第四卷 天决训练营 第一千三百七十六章 成魔！（大结局）	秒速九光年	11252K	13-04-14	已完成
绝世武圣	第二卷 卦山风云 本书小结和新书广告	暗黑茄子	2728K	13-11-13	已完成
终极兵王混都市	正文 第657章 真的在一起（大结局）	步步惊肺	3349K	14-06-28	已完成
捡宝	正文 00440、大丰收（完）	三疯妖孽	3272K	14-05-31	已完成
超级战神系统	第一卷虫族之战 第二百五十五章 异时空旅游之发行羽毛（大结局3）	歪倒	1409K	14-08-15	已完成
大圣贤	卷四 中陆神州 第五百四十六章 你叫叶雨柔，我才叫秦少游（大结局	犯戒和尚	3591K	14-02-28	已完成
吞噬星空	第十七卷 域外战场 完本免费看啦！	我吃西红柿	11596K	15-06-15	已完成
重生那些年	正文 第一千二百零四章 星际战争	茗夜	10577K	16-11-16	已完成
洪荒造化	正文 第一千两百九十三章 世界（尾章 下）	w风雪	13161K	16-05-06	已完成
狂野无双	正文 第四百三十七章 无暇生命，真理之龙！（大结局）	墨乡	3907K	13-12-09	已完成
无尽冰封	第一卷 血与火的淬炼 第五十七章 结局篇	纯洁的小龙	1914K	14-02-28	已完成
电影大亨	正文 第九百零八章 .大结局	镔铁	10041K	13-11-20	已完成
全能修炼系统	第五卷 玄机门风云 第三章 回到过去	秋风揽月	5100K	15-11-22	已完成
地狱美术馆	欲望之眼 完本感言	紫金雨林	2723K	14-06-18	已完成
潜龙	正文 第一百四十章大结局	断刃天涯	904K	14-08-27	已完成
僵尸女友	第一卷 第五百九十八章 最美的夕阳（大结局）	归海求鱼	3201K	14-07-31	已完成
功夫神医	第五卷 无上神医 第731章 大结局（终章）	步行天下	14307K	16-07-01	已完成
重启家园	正文 833飞向太空（终章）	九头怪猫	9294K	14-03-10	已完成
我是幸存者	第二卷 曼哈顿风云 第四百零十章 一切才刚刚开始（大结局）	型男密码	3268K	14-03-14	已完成
明郑之我是郑克臧	明郑之我是郑克臧 番外 篇 ：夏美初战18	caler	5090K	14-11-19	已完成
高达之我的星空	战斗的命运 第192章 终章	妖月白狐	1174K	14-02-02	已完成
大秦皇陵	正文 第四百一十八章 终章	一木	2673K	14-02-06	已完成
百炼成魔	第一卷 命魂界（一） 第916章 圣塔之主（大结局）	涅之舞	6266K	14-02-01	已完成
网游之帝皇归来	正文 第八百四十五章 结局	妖邪有泪	4428K	13-10-30	已完成
华娱高手	第一卷 初试啼声 第六百四十五章 大结局	俊采星驰	4250K	14-12-23	已完成
我是大土豪	正文 第359章 中央之国	剑南烧春	2341K	16-11-17	已完成
末世狩神志	第六集 第四十一章 封神（大结局）	炎与永远01	1307K	14-04-29	已完成
矿仙	卷一 初涉仙途 第六百四十三章 大结局（下）	影・魔	6688K	14-01-15	已完成
重生之心动	正文 第146章 篮球场（尾声）	初恋璀璨如夏花	5533K	14-02-03	已完成
仙魔变	第十一卷：游侠 大结局之后记及感言	无罪	8168K	13-06-30	已完成
无敌储物戒	正文 第三百七十九章 十全十美（全书完）	明日复明日	3457K	14-02-28	已完成
师士传说	正文 第六百零七节 大结局	方想	4424K	14-02-28	已完成
超级高手艳遇记	正文 第一千零四十三章 幸福其实很简单（大结局）	路边白杨	8103K	14-01-13	已完成
异界之至尊医仙	正文 第529章 撤走了	观语	3111K	16-03-04	已完成
武帝重生	 第582章 轮回生灭拳【全书完】	残剑啊啊啊啊	4137K	14-01-09	已完成
网游之生死	第五卷 腾龙过海 第六十七章 放飞希望 乾定生死	为何有雨	6817K	14-01-10	已完成
重生奇迹	第五卷 征伐之歌 第三百八十二章 我即大道轮回（大结局）	语成	2277K	14-01-10	已完成
网游之风流骑士	正文 第1273章 成为国王（全书完）	冷石	6760K	14-01-10	已完成
异界修神者	正文 246正文 最后的决战一统神界（结束）	龙神太子	1176K	14-02-28	已完成
球在脚下	正文 第973节 最后的终章	dleer	7817K	13-11-30	已完成
傻仙丹帝	正文 第八百一十六章 大结局	红叶	5627K	14-01-15	已完成
异界圣骑士	第一卷 536章 大风国国主（结束）	冷石	3061K	14-01-14	已完成
法相仙途	正文 后记（一路走来，请进！）后记（一路	泛东流	10542K	14-02-10	已完成
五行弑天	第五卷 五行使者 第493章 大闹婚礼（大结局）	一颗尘子	3054K	14-01-13	已完成
网游之轩辕一剑	正文 第四百五十二章 新世界（大结局）	羽卒之家	2522K	14-01-13	已完成
重降巨猿	正文 第三百九十九章 大结局	梦里水乡	2980K	14-01-15	已完成
网游之君临天下	披荆斩棘 第七十三章 终章	灬晓风残月灬	4469K	14-06-02	已完成
三国卑鄙军阀	卷四天下始乱关门当 军阀 完本感言	荒唐道士	1461K	16-11-16	已完成
宅男之游戏人生	正文 第一百九十六章 大结局（补四）	猪多多	1246K	14-03-01	已完成
仙侠世界之天才掌门	第五卷 名扬封神大世界 第七百三十六章最终章――八方来朝	璀璨的火焰	4083K	13-12-06	已完成
场边上帝	第一卷 一举成名 第六百三十八章 功德圆满（大结局）	郭怒	4674K	13-11-30	已完成
死亡街机厅	第二卷 第167章 意想不到的结局（大结局）	俺有两杆大狙	3613K	14-10-05	已完成
第六神座	第一卷 并蒂双魂 第三百五十七章 尾章	月鼠	2554K	13-09-17	已完成
最强系统	正文 第七百二十六章 后记（终）	孤烟苍狼	4630K	14-03-02	已完成
机甲步兵	第九卷 【银河的交响乐章】 后记	云翼	10838K	14-12-21	已完成
终极传承	第02卷 宗范学院 第754章 终战	雨辰宇	5295K	14-03-02	已完成
绝品全才	正文 第174章 结局	那边般若	4081K	13-08-03	已完成
末世之雷霆武者	正文 第一千零五十三章 决战（终结）	妖猪	6333K	14-01-17	已完成
桃运青年	正文 第560章 大结局	徐奇峰	4228K	14-04-11	已完成
仙府之缘	第一卷 古画卷 轴 360 名震仙城（本书完结）	百里玺	2951K	13-09-04	已完成
网游之超级奶爸	第七卷 星域之路 第715章 后记――新的世界（全书完）	仙都黄龙	4942K	14-04-20	已完成
网游之绝世斗神	斗神大陆 第610章 时空轮转，岁月无痕（终章 ）	程小西	4170K	15-03-15	已完成
锦衣夜行	"第三部 《醉枕江山》,依旧!"	月关	8642K	15-07-15	已完成
冒牌大昏君	正文 第517章 黄粱梦一场（第一卷终）	码字小神	2468K	13-10-13	已完成
超级NPC系统	第一卷、‘觉醒’的纨绔 第五百二十一章 倾城神君	鬼算神	3751K	14-03-03	已完成
重生之超级太子爷	第二卷 商海浮沉 第一千零六十六章 光阴似箭，岁月如梭（大结局）	杯中窥香	9609K	14-01-30	已完成
掌御九天	 第958章 大结局	梦入春秋	7108K	14-01-25	已完成
重生之笑看风云起	正文 第七百零六章 完结	落寞的蚂蚁	6674K	14-01-23	已完成
大炼宝	正文 第325章 终章	天夏02	2227K	14-01-22	已完成
圣魔猎手	第二卷 新临汾 第三百五十四章 战争	核动力重坦	2027K	17-01-03	已完成
仙神易	仙神易第三卷 上古法诀 第五卷 落日之殇第四百零七章 大结局（下）	何不语	3421K	13-07-28	已完成
重生之绝世天骄	【第一卷 帝魂珠】 第四百五十七章 大结局（下）	怕冷的火焰	4078K	14-02-07	已完成
狂龙退隐	正文 第一千三百四十一章 狂龙本月完结！	乔太子	7743K	14-03-18	已完成
傲绝修神	正文 第950章 亦是结束又是开始（大结局）	九宫魂	6224K	14-01-25	已完成
大清拆迁工	第三卷 崛起之路 第620章 珍珠港	巡洋舰	6329K	14-01-28	已完成
跨过千年来爱你	正文 跨过千年来爱你187	秋夜雨寒	861K	14-01-27	已完成
天逆玄典	第一卷 轮回 第一千零三十八章 大结局	热乎冰棍儿	6282K	13-11-22	已完成
无量	第九篇：十年之约！ 第四十五章 ：花开彼岸！【大结局】（超长篇 ）	古羲	3123K	13-08-04	已完成
篡命铜钱	正文 后记	水平面	6282K	15-01-02	已完成
长生不死	第九卷 完本总结！	观棋	12391K	12/6/2027	已完成
异世武巅	正文 完本感言，谢谢所有支持过的兄弟们！	雨暮浮屠	9274K	13-10-01	已完成
重生之大涅磐	最终卷 珞玉无声，重回涅磐	奥尔良烤鲟鱼堡	5906K	12/5/2003	已完成
九零后基因砖家	第一卷 基因开发 后记	第101次战斗	2290K	13-11-06	已完成
剑仙归来	 第136章 剑仙归来【大结局】	快乐的悲剧	786K	14-03-10	已完成
都市大仙师	正文 第一百五十一章节 始皇赢政	小小妖道	905K	14-03-10	已完成
桃缘山神	第一卷 山海之灵 第二百二十四章 大结局	李振复	1652K	14-04-04	已完成
二次元之悠闲	正文卷 ＋完本感言＋新书预告	青棘	1740K	16-12-27	已完成
斗战八荒	第二集 第二百七十四章斗战八荒	策虎横刀	1882K	14-01-29	已完成
三国军神	 第一千零一十一章 传说（大结局）	冰雪尘	6754K	16-08-31	已完成
高山牧场	正文 完本感言	醛石	4896K	13-08-12	已完成
修真世界	正文 唔关于新书改名《不败战神》以及新书自序。	方想	7783K	15-08-03	已完成
崛起于武侠世界	第三卷：风云 完结感言	白云剑客	3678K	13-10-13	已完成
末日之主神游戏系统	第二卷 佣兵风云 第四百一十八章 根本法则（大结局）	择天大帝	2582K	13-11-02	已完成
网游之邪体魔念	第一卷 新的征程 第四零五章 走出轮回 （大结局）	冰帝	2924K	14-03-12	已完成
武猴	第二卷 风扬牛蛮山脉 感言与新书开张！	黑色莽巴	4702K	13-05-03	已完成
极品家丁	正文 不能说的秘密	禹岩	6557K	12/5/2002	已完成
天堂ol	第二卷 钢铁森林镇魂歌 618 公测开启（全文完）	龙骑	3980K	14-02-21	已完成
美女总裁爱上我	第卷正文 完结感言	番茄	9205K	13-08-30	已完成
官居一品	第十卷 曲终人不散，江上数峰青(后记之二)(上)+(下)	三戒大师	11262K	12/6/2008	已完成
小人物的星空之旅	第三册 结局……	梦回炎黄	852K	13-06-10	已完成
魔道杀将	二 495 杀肥 辞行 后记	大上造	3735K	14-01-20	已完成
道友请留步	第二卷 完本感言！！！	吾为清风	2974K	13-10-30	已完成
星戒	正文 后记	空神	12469K	13-08-18	已完成
官步	正文 第一百三十章歉意的结局	石板路	691K	14-01-07	已完成
时空行走者	大唐初 完本语	夜雨天启	2166K	16-10-20	已完成
海运主宰	第二卷海动澜涛 新书，观天，正式发布	试剑天涯	4634K	13-12-01	已完成
无限之军火狂人	第十二节 神鬼玄机 第十一章 埋葬爱与生命的终章	餐蚕123	4855K	14-03-15	已完成
最散仙	卷 一 倒霉的散仙 终之章 大混沌审判天罚	九哼	3199K	13-12-06	已完成
调教百媚	第一卷 快意人生，夫复何求！（大结局）	言者春晓	946K	14-01-20	已完成
驱神	恒星世界 第一百二十四章：终结	李佳程	927K	13-12-09	已完成
天庭清洁工	正文 第一千零九十二章.开府建衙	李家老店	5178K	16-11-23	已完成
绝品仙尊	正文 新书已经上传！！！	池边人	6880K	13-04-07	已完成
武破九霄	正文 完本感言！	苍笑天	16393K	13-07-25	已完成
最强作死系统	正文 第二百八十章 六千字大结局	念破虚空	1732K	14-12-10	已完成
魔尊仙皇	正文 第一千六百二十三章众生劫火+完本感言	海陈	7543K	15-11-23	已完成
民国投机者	第三部 血火抗战 第二章 津浦路防御战 第三部 血火抗战 第十一章 朝天阙 第八节 日薄(十八)(大结局)	有时糊涂	12042K	12/8/2024	已完成
枭风	第五卷 春夏秋冬，江山北望 第222章 回家（结局）	海风儿	4468K	14-01-30	已完成
超脑念力	正文 第360章 新的宇宙空间【大结局，全书完】	真衍之道	1662K	16-10-25	已完成
言咒师	正文 外传道格的日记全书完	至爱	2006K	14-03-18	已完成
吞雷天尸	正文 第八百九十五章 破碎虚空	阳光的鱼	6805K	14-03-31	已完成
体尊	第八卷 洪荒圣界 第938章 结局（2）	汉隶	5428K	13-03-30	已完成
异界之空间神话	正文 第二百九十四章 上天之神（大结）	苦涩的甜咖啡	1567K	13-12-13	已完成
深渊骑士	第2卷 神话时代 333333	万里云烟	9104K	14-08-15	已完成
琴帝	第四十一集 母妖王 第三百三十六章 大结局，对不起，杀了你（三）	唐家三少	6445K	12/5/2003	已完成
医道通天	正文 新书《窃玉偷香》上传	明月长剑	7118K	13-09-19	已完成
一起混过的日子	第一卷 一起混过的日子 【1150】感言及新书《哥几个，走着》	纯银耳坠	8824K	13-03-14	已完成
大魔王	正文 第一千二十七章 最后一战(全书完)	逆苍天	7643K	12/7/2015	已完成
原力觉醒	正文 20 覆灭！（大结局）	隐为者	1876K	13-03-21	已完成
音	第四卷 雷动九天 结束感言	李俞增	4790K	13-03-29	已完成
网游之近战法师	第三卷 月夜城游记 总结（免费）	蝴蝶蓝	8065K	12/12/2026	已完成
网游之修仙时代	正文 第二百八十一章 不是结局的结局	愤怒的萨尔	2136K	13-10-17	已完成
飞将	正文 第一百八十章 后记	雪峰	1169K	13-08-23	已完成
宠灵	卷二：潜龙 第七十三章 转世【大结局】	裂壳的鸡蛋	1008K	16-11-16	已完成
地球游戏场	地球游戏场国域之战 最后吐一下，不收费的。	吉风冰	10138K	13-05-20	已完成
流氓高手II	第二卷 感言	无罪	7485K	12/11/2002	已完成
傲气凌神	正文 第1584章 反被利用	摩北	27900K	16-12-21	已完成
弑仙	正文 大纲式结局！	零度忧伤	1817K	13-09-10	已完成
执掌神权	网友上传章节 第一千一百二十六章：天道法则（完）	伏醉	8047K	12/5/2003	已完成
国王万岁	第3卷 三年不鸣，一鸣惊人 1200、后记和一些心里话	乱世狂刀01	10950K	15-12-22	已完成
重生之衙内	正文 《大魔神》的创作初衷	不信天上掉馅饼	16625K	12/11/2022	已完成
叱咤风云	第三卷 后记，外篇	高楼大厦	5672K	12/5/2003	已完成
星辰变	第十八集 天尊山 第四十五章 鸿蒙金榜（大结局）	我吃西红柿	5994K	13-02-24	已完成
狩魔手记	第二卷 狩魔手记更新重要通告	烟雨江南	4612K	15-07-12	已完成
丹鼎艳修录	第一集 初试双修 第一百七十二章 最终章	剑侠痕迹	2796K	13-12-30	已完成
穿越者公敌	正文 五百三十六章 终点	路过的穿越者	3819K	14-07-09	已完成
玄天至尊	正文 第515章 威逼	爱喝白开水	4870K	14-09-25	已完成
八零后少林方丈	第一卷 少林崛起 第338章 和婉君在水底	黑土冒青烟	7901K	14-04-03	已完成
极品暧昧	正文 第1246章 逆天的猛人（大结局）	野性之心	7495K	13-06-01	已完成
魔王是个宅	正文 第四百三十六章 魔王的后宫名册（大结局）	姬神咆哮	3394K	13-12-30	已完成
都市极品风水师	第三卷 风水天下 第四百七十六章 终章之高朋群芳会 （下）	白马神	6652K	13-12-28	已完成
崩坏世界的传奇大冒险	崩坏世界：辽北大地 最终章	国王陛下	3206K	13-12-30	已完成
班花	正文 第654章 团圆（大结局）	天朝书生	4557K	14-01-02	已完成
末世杀戮进化	正文 完本感言	彷徨远行	3084K	13-08-15	已完成
奇门相师	正文 第四五零章：地底世界	小相师	2978K	14-01-03	已完成
南宋一统	正文 第323章天下一统 （大结局）	可大可小	2968K	13-09-01	已完成
大唐明皇录	第二卷 起凤 第七章 秋千荡	七海之皇	383K	13-12-23	已完成
嗜血枭雄	第一卷 挥洒热血 第九百九十五章 终结	浮生飘逸	10221K	13-09-10	已完成
萌化之旅	 第0371章 大结局	妖怪闲者	2705K	14-01-03	已完成
玩唐	正文 第九章 大风歌（大结局）	午后方晴	6781K	13-10-30	已完成
大宋帝国风云录	正文 写在最后的几句话写在最后的	猛子	6544K	13-10-30	已完成
奥比岛	正文 第四百七十章 三魂合一（大结局）	奥比椰	3028K	13-12-30	已完成
猎艳大唐	正文 落幕篇：团聚	额明	2323K	13-10-30	已完成
疯狂医神	正文 399拳破万邪（大结局）	脸上的脚印	2938K	13-10-30	已完成
傲视天地	正文 第五百四十一章 大结局	高铁	3811K	13-10-30	已完成
九脉修神	正文 第四百零九章 N年之后(大结局)	修神	3129K	13-10-30	已完成
末世行	正文 完本后记	推倒蚩尤的虫	2944K	13-08-15	已完成
斗破苍穹	第十六卷 土豆大结局感言	天蚕土豆	11289K	13-01-04	已完成
橙红年代	第十二季 12-109 永远没有终结(结局)	骁骑校	5975K	12/5/2007	已完成
佛堂春色	正文 第二百五十八章 后记	夜纤雪	2358K	13-10-30	已完成
三国争锋	正文 第四百三十四章 英雄末路（大结局）	日月苍冥	2674K	13-10-30	已完成
重生之贼行天下	第一卷 第一一一章 合成（前面章 节名有误，但不影响阅读，可放心订阅）	发飙的蜗牛	6610K	15-03-23	已完成
日光爱人	正文 第五百五十九章 【日光倾城】（大结局）	天崖之翼	4187K	13-10-30	已完成
校长姐姐是高手	正文 这是结局	三寸法师	304K	13-09-20	已完成
兵皇	正文 第二百一十五章 结局+告白	娃娃脸	1692K	13-10-30	已完成
一代家丁	正文 第五十八章 问鼎华夏	当头炮	3453K	13-10-30	已完成
扬眉	正文 第一百二十三章 大结局	无罪	2649K	13-10-30	已完成
深宫情鸾劫	正文 写在最后，给我亲爱的你们	白鹭未双	1874K	13-09-28	已完成
绝世凶器	正文 第二百三四章 异界的终点（完结篇 ）	风芒	1559K	13-03-02	已完成
妖属贪杯居	正文 第一百二十九章 攻山（上）	我唯一	772K	13-10-30	已完成
穿入宁采臣	三卷 219结局	尼姑娶和尚	1288K	13-08-31	已完成
很纯很暧昧	正文 后记	鱼人二代	14746K	13-10-27	已完成
天娇谱	正文 第三百六十五章 终章	九月阳光	2380K	13-04-03	已完成
证帝系统	第二集 火岛涅盘 第116章 纵意	九阳当空	1911K	14-01-06	已完成
掌御天下	正文 第八十七章 新的征途	孤单地飞	628K	13-07-10	已完成
龙蛇演义	正文 第五百一十章 前面的路！{大结局}	梦入神机	4530K	13-07-07	已完成
极品太子爷	第二卷 江中起宏图 第一章 惊悚	浮沉	12069K	15-02-13	已完成
飞豹出击	正文 第三百六十九章 大结局 胜利后的思考	登峰	3005K	13-07-06	已完成
仙逆	第五卷 风卷残云 第2088章 蓦然回首(大结局）	耳根	14617K	12/5/2003	已完成
神武乾坤	第二卷：纵横天下 第五十章：缘起、缘灭	南鹤	2397K	13-09-30	已完成
天珠变	第四集 邪魔变 第三百零八章 我叫唐三（大结局）	唐家三少	5638K	12/5/2002	已完成
校花的贴身鬼王	正文 第658章 柳逸的王国（大结局）	千里大黑马	4434K	13-05-09	已完成
衡天记	正文 1034章 神农布置 寻道混沌	仙妖	6729K	13-06-12	已完成
隋兵霸途	第一卷 初临隋朝 结局	鹅地山人	1128K	13-09-02	已完成
现代修真史	正文 第四百六十章九九归一（大结局）	异路风情	17708K	13-11-07	已完成
道	正文 《道》番外――四小篇	食堂包子	22729K	13-02-20	已完成
神墓	第十七卷 第五一三章 大结局	辰东	6238K	12/5/2002	已完成
大周皇族	第一卷 黑暗重生 【传记风云】白袍霍去病	皇甫奇	8923K	12/9/2009	已完成
网游之天下无敌	第九卷 炎黄大陆 第一千两百九十四章―团员（大结局）	孤雨随风	9891K	13-01-31	已完成
最强武皇	正文 完本感言	一曲东风	5285K	13-07-12	已完成
霸天武圣	第一集 宁王庶子 第四十九章 长生	蛇吞鲸	3681K	13-07-02	已完成
放眼天下	第五卷 傲啸华夏 第二百五十章 莺燕之声（大结局）	天之屠	3780K	14-01-07	已完成
末日影杀者	正文 终章 轮回――人生若只如初见	凝香叶	5580K	14-01-07	已完成
天生神医	第3卷 济世卷 第五十九章 大结局	了了一生	13141K	12/11/1930	已完成
兑换狂人	兑换狂人 幽魂平原 七十一、强制羽化	一不小心闪了腰	6357K	15-07-15	已完成
全职炼金师	第三卷第三卷 强者之卷 第85章幼狐与补完计划	鱼丸	2222K	13-12-19	已完成
法师传奇	《法师外传》――书友撰写 南宫篇 公测前夕	麻烦	5160K	12/5/1931	已完成
异世邪君	第六卷 新书开了，傲世九重天！请兄弟姐妹们支持！	风凌天下	9224K	12/5/2009	已完成
罗浮	正文 结束感言	无罪	5350K	13-07-16	已完成
全球论剑	正文 完结感言	网络黑侠	7455K	13-01-06	已完成
极道圣尊	第一卷 位面商铺 第一千十二章 飞十升仙界（大结局）	荒古天帝	6933K	14-04-24	已完成
剑仙风暴	正文 【第0406章】 成神之路（大结局）	青翼蝠王	3821K	13-06-10	已完成
超级异能低手	正文 第六百四十八章 性福生活	深沉的麻罗	3887K	14-04-10	已完成
网游之名动江湖	第一卷 忆我少年游 第六百零八章 名动江湖（大结局）	君莫	4650K	14-03-22	已完成
重生之完美人生	第二卷 雏鹰初展翅 第395章 我是后记 上 补	一盏绿茶	6536K	16-12-04	已完成
明宦之风流无边	正文 第一百章 大结局	钟离昧	9614K	13-03-15	已完成
绝对武力	第一卷 人生若只初相见 第六十五章 准备建立武馆	平凡英雄	468K	14-01-07	已完成
通天之路	 第一千两百八十六章 大劫和我的轮回（大结局）	无罪	9024K	14-12-21	已完成
神魔养殖场	第四卷 纪元终结 后记（本章免费）	黑瞳王	8227K	12/5/2002	已完成
全职修神	正文 第766章 救命啊（大结局）	净无痕	4877K	13-06-17	已完成
斗罗大陆	第五集 第六百八十七章 大结局，最后一个条件	唐家三少	6290K	12/6/2022	已完成
贴身高手	正文 第1212章 大结局	禹少少	10197K	13-02-08	已完成
异界木乃伊	正文 【543】结束？开始！（大结局）	易湿流	2667K	13-07-29	已完成
最终智能	正文 第1256章 旷世婚礼（大结局）	怕冷的火焰	10384K	12/9/2025	已完成
LOL之王者无敌	第一卷王者诞生 戒俗新书《灵纹仙道》，希望大家...	戒俗	766K	13-08-30	已完成
好男人在宋朝	正文 第一百七十二章 未来	半仙算命	1346K	13-06-09	已完成
九鼎记	第十二篇 九鼎轮回 第三十章 九鼎轮回	我吃西红柿	4733K	12/5/2003	已完成
逆天技	正文 第531章 掌控天地（大结局）	净无痕	3574K	13-06-17	已完成
人间冰器	第三卷 最强的战士 第九百七十四章 各散东西（上）	阚智	7793K	16-05-26	已完成
高达之曙光	正文 废品商和大记者（米莉艾丽娅结局）	天城01	3371K	16-12-16	已完成
符宝	第一卷 完本感言及推荐方向新书【极品护花邪王】	曾经拥有的方向感	6107K	15-05-27	已完成
独步天下	第二卷 以武入巫 完本啦，结局感言！	宅猪	8718K	13-01-07	已完成
龙腾宇内	正文 第五百二十一章 神魔王座，掌控宇宙(大结局)	风雨天下	3237K	13-11-15	已完成
我的异界特种部队	永不回头的穿越 第四百零七章 合金战争（大结局）	米老虎	2568K	13-07-10	已完成
龙翔杏林	 第二百四十二章崭新的一页（大结局）	夜的邂逅	2426K	13-07-01	已完成
异界之风流一生	第三卷 贫荒之地 第十卷 剑仙张衡第十六章 剑仙张衡	顺水推粥	2398K	13-11-19	已完成
妖孽保镖	正文 第１３０９章 大保镖！大妖孽！（大结局！）	青狐妖	9272K	15-12-01	已完成
黑权杖	【卷二】守夜人 新书上传	死翼耐萨里奥	4401K	13-11-28	已完成
网游之月魂传说	重掌月神族 0573 离去（大结局）	宝贝你爱我55	2758K	14-01-18	已完成
穿越之纨绔少爷	正文 终章 大结局	贼眉鼠眼	4211K	13-09-04	已完成
落宝金瞳	第二卷 南下之行 第四百九十三章 终章	庾乐	3111K	13-06-21	已完成
异界之极品奶爸	"第二卷,奶爸的故事 后记04 执掌十三处"	圣骑士的传说	3306K	13-05-15	已完成
阴阳鬼探	正文 完本感言及新书预告	秋风寒	5903K	13-10-04	已完成
紫府仙缘	第五卷 699 转世轮回（全书终）	百里玺	5213K	12/5/2003	已完成
纯阳真仙	第三卷 昆吾秘境 纯阳后记，附新书《剑逆苍穹》	EK巧克力	6558K	13-01-25	已完成
与美女老总的暧昧生活	第一卷 第六百七十三章 超越韦小宝（完结）	梁不凡	4627K	13-08-04	已完成
金牌制甲师	正文 番外【四个，有兴趣可买】	一叶无花	2200K	13-06-18	已完成
盘龙	第二十一集 巅峰（结局卷） 第四十四章 新的名字（下）	我吃西红柿	6746K	12/5/2002	已完成
凤凰错：替嫁弃妃	正文 寻的建立（大结局六）	阿彩	9393K	13-06-02	已完成
娇妻如云	第一卷 第八百九十九章：天下由我主宰（大结局）	上山打老虎额	7106K	12/5/2002	已完成
修罗战神	卷十二 王者归来 蜜蜂新作《修罗武神》将于3月24日发表	善良的蜜蜂	8028K	13-03-12	已完成
星耀天穹	正文 第两百三十章 、坦诚相见下	疯狂冰咆哮	5685K	14-07-29	已完成
随身带着异形王后	正文 第1829章 新的征途(终章 )	龙青衫	14422K	13-03-31	已完成
网游之纵横天下	 第七卷 圣域年代2 第一章 人生无常	失落叶	10913K	13-10-25	已完成
逆火	卷一 彼时天空 052 完结加致歉	放开那只女王	318K	13-06-10	已完成
绿茵三十六计	第一卷 小荷才露尖尖角 第五百四十五章 百冠（终）	独步千军	4643K	13-05-04	已完成
佛本是道	正文 第四百六十六章 收官 下（全书完）	梦入神机	4144K	13-12-25	已完成
庆余年	第七卷 朝天子 后记	猫腻	8198K	13-03-24	已完成
锦衣当国	正文 后记：谢谢大家	特别白	7605K	15-07-17	已完成
超级奴隶主	正文 384龙护法的2大计划！	我丑到灵魂深处	7178K	14-12-08	已完成
末世之三宫六院	正文 第335章 大结局 异世战幕	牧神空	3296K	13-06-03	已完成
全职领主	正文 完本感言	周星	3801K	13-05-29	已完成
星梦制作人	第五卷 在那闪烁的星空下 第497章 寻梦人――万岁！(大结局)	雪碧冰薄荷	3722K	14-09-26	已完成
超级黄金手	正文 完本感言	小小羽	9749K	13-01-10	已完成
九鼎问天录	正文 灭世劫之轮回苦恋（外篇）	肥鸭	1174K	14-03-24	已完成
网游之刺客重生	正文 第一千零七十八章 五六七八年以后（大结局）	菜鸟之下	4932K	13-08-25	已完成
插件无敌	正文 【251】 惊醒	野白菜	1639K	14-03-24	已完成
掌权者	掌权者第十一集 封疆大吏 【1284】 永载史册（大结局）	一三五七九	10920K	14-04-18	已完成
华山仙门	第一卷：华山仙门 第一千二百五十七章 大结局，轮回！	秣陵别雪	9009K	12/9/2009	已完成
步步生莲	第九卷 步步生莲 大结局(下)	月关	7685K	12/7/1930	已完成
傲世炎神	第一卷 苍炎帝国 第一千一百四十五章 大结局	青衣神	8252K	13-12-15	已完成
酒神	第五集 紫雷耀天龙 第六百八十八章 大结局！我就是你的烈焰啊！	唐家三少	5884K	13-05-26	已完成
超级公务员	第二卷 凤凰历练 751章：猛将镇西北(大结局)	水浒	6270K	13-05-04	已完成
网游之全职大骑士	正文 第635章 命运，自己主宰	六器	3602K	13-01-02	已完成
骨神	第6卷 魂修之路 结后语	上饶	5396K	13-01-07	已完成
网游之不败剑神	正文 第六百二十三章 剑之终章！	罪君子	5209K	14-01-07	已完成
秃贼记	正文 更新通知！	李七庄	1K	13-10-30	已完成
科技之王	正文 大纲终结	来不及忧伤	394K	13-07-16	已完成
君临	第二卷 1410 混沌无极（全文完）	开荒	9555K	15-07-24	已完成
回到明朝当王爷	第十一卷 第469章 不拆长城非好汉（大结局）	月关	7263K	12/5/2003	已完成
史上最牛超级网盘	第六集 第387章 太古巨头之战、天极（大结局）	无所谓大法师	2320K	13-10-17	已完成
隐杀	正文 终章 记忆残片	愤怒的香蕉	5745K	12/5/2005	已完成
无敌兑换	 第八百八十六章 结束，也是新的开始（大结局）	开心小帅	5872K	14-12-22	已完成
九幽龙戒	第一卷 柳城白家 第三百六十五章 大结局	众神	2940K	13-05-11	已完成
轮回1984	第二卷 潜龙在渊 第二一九四章 大结局	海桐	17511K	12/12/2026	已完成
寂灭天骄	第七集 六一零 杀入敌阵（完）	高楼大厦	5503K	12/5/2003	已完成
以革命的名义	垃圾堆 第三集 内容简介	管杀不管填	1093K	12/5/1931	已完成
无上血脉	正文 第1609章 大结局	爱吃白菜	7800K	13-12-28	已完成
龙血至尊	正文 第1869章 小妞等着	盘古	7078K	13-11-27	已完成
纨绔疯子	第一卷 这不是结局	鹅是老五	4340K	12/5/2005	已完成
星际游轮	第二卷 美敌！飞羽号 第1320章 永恒（完）	古剑锋	9164K	12/5/2003	已完成
异世大话	第五卷 成神之路 终章 创世神王跃	范氏之魂	9115K	13-05-09	已完成
大偶像	第二卷 昂首挺胸，阔步前进 1041 大偶像（完）	七七家d猫猫	7021K	13-12-25	已完成
剑屠苍穹	第二卷 第二百零七章 ：剑第屠苍穹(大结局)	枫间苍月	4291K	13-11-26	已完成
我当阴阳先生的那几年	第四卷 第二百二十三章 原来可	崔走召	3916K	12/8/2028	已完成
武当系统	第一卷 大武当掌门 第一百五十九章 伤他者，必死！	拈花一朵	786K	13-11-23	已完成
我的美女大小姐	第一卷 第五百二十章红旗不倒，彩旗飘飘！（大结局）	李兴禹	3689K	12/5/2002	已完成
鬼股	“通灵筷子”外传 05、黑白怪客	徐公子胜治	2083K	13-02-23	已完成
一个人的抗日	龙腾南洋 第六十九章 大结局	样样稀松	3223K	12/5/2005	已完成
扶摇	正文 第八百二十二章终章!	断刃天涯	6797K	12/10/2028	已完成
超级武装	 第364章 大结局	魔恋	2330K	15-11-06	已完成
超级盗贼	第3卷 第3卷 感谢您的支持	不是浮云	7005K	12/9/2024	已完成
战天神皇	第一卷 潜龙升天 第九百一十七章 太虚道祖（大结局）	独孤小杜	4234K	13-12-05	已完成
都市透视眼	正文 第六百五十章 世界之王！（终章）	红肠发菜	4500K	12/5/2002	已完成
无上进化	第三卷 八方风雨 第741章 大结局！	逆天而翔	6587K	13-12-04	已完成
无上邪尊	第一卷 武林神话 第三百一十八章 圣道吞噬	众神	2682K	13-05-17	已完成
异界之魔武流氓	正文 第一千一百七十八章 至尊界主（大结局）	新版红双喜	7018K	13-03-01	已完成
白道枭雄	正文 第536章 ：杨薇归来（下）《终章 》	大叶	3812K	13-05-23	已完成
千宋	初识庙堂 第三百章 收工	虾写	2375K	13-11-25	已完成
朱门风流	第四卷 群魔舞 后记（下）	府天	6961K	12/5/2002	已完成
江山美人志	第十六卷 第1554章 大结局	瑞根	9886K	12/5/2003	已完成
超级仙医	第一卷 第七百三十六章 地仙、人仙、散仙之首	五志	4972K	12/5/2003	已完成
使徒	作品相关 新书已发	萧游	3646K	12/5/2026	已完成
网游乾坤无极	卷一 奋斗在新手村 完本感言……	傲月长空	4700K	13-01-07	已完成
魂武双修	第一卷 第一千五百章 大结局 传说（下）	新闻工作者	9941K	13-01-06	已完成
拯救大唐MM	人生得意须尽欢 第1000章 最终之章	霞飞双颊	6977K	13-11-26	已完成
超级融合	第一卷 第755章 天命不可违 （大结局）	曾经拥有的方向感	5544K	12/5/2002	已完成
易鼎	第三卷 龙门高千尺 后记：那一夜灯会	荆柯守	4769K	13-03-30	已完成
极品天王	我心有猛虎，细嗅蔷薇 书迷雪停对天王的评论(大神级，建议看)	我本疯狂	9413K	12/12/2026	已完成
命运天盘	第三卷 主宰 第九百六十章 超脱命运（终章 ）	水平面	6366K	13-03-18	已完成
网游植物师	正文 第547章 大结局	不是浮云	4401K	12/11/2007	已完成
重生之无悔人生	第七卷 隆重推荐重生类精品好书，走过路过，千万不能错过……	冷冰寒	5389K	12/5/2007	已完成
间客	第五卷 老猫又有废话说……	猫腻	7438K	12/6/2028	已完成
网游之修罗传说	第十卷 盖亚守护神 火星的网游新作	火星引力	6777K	13-02-13	已完成
冒牌大英雄	第十五卷 7月23 日晚8点，《冒牌大英雄》完本联谊会隆重开启！	七十二编	8500K	12/5/2015	已完成
天才小屁孩	正文 【520】 大结局	我吃葡萄	3704K	12/5/2007	已完成
小军阀	第一卷 《》之大结局	西方蜘蛛	8720K	13-02-22	已完成
火中金莲	第十三卷 新书《仙萨》开始发了	老衲不能吃素	8667K	12/5/2007	已完成
焚天	蛰龙 新书《赤城》上传，求各种捧场	流浪的蛤蟆	4077K	14-11-09	已完成
蛮荒记	第六卷《刹那芳华》 终结篇：尾声	树下野狐	2439K	13-12-03	已完成
钢铁王座	第五卷 英雄到来 完结感言――‘中二五十年’完(15:16)	咆哮的风月	6146K	13-01-04	已完成
风流三国	"第十卷 1月4日晚8点,浴火重生与您相约三江阁!"	浴火重生	3656K	12/5/2018	已完成
魔门风流	第二卷 乱世风云出齐京 第二百零六章 一拳见性，返璞归真！	老去的船长	1405K	13-03-15	已完成
一路拔剑	第二卷 暗藏玄机 第二百五十七章 一个不是结尾的结尾	鲁西平	2201K	13-11-29	已完成
校花的诱惑	正文 第811章 大结局	猪油	4771K	12/11/2026	已完成
史上第一妖	第一卷 电器也疯狂 第一百七十五章 尾声	水善	1246K	14-02-05	已完成
神卡	青铜战士 第六百六十三章 统一原界，镇压诸族！（大结局！）	资产暴增	4410K	13-12-02	已完成
绝代中医	正文 结束感言	涛海	2678K	13-01-06	已完成
长生界	第五卷 我的新书《遮天》已上传，长生界首页有直通车	辰东	6777K	12/5/2003	已完成
魔兽领主	作品设定和外篇 尸巫王的世界没有眼泪(下)	高坡	5425K	12/6/1930	已完成
狼群	正文 尾声	刺血	2259K	12/12/2015	已完成
狗运战神	外篇 外面转悠了4年，回来转转！	灵冰雨	2258K	12/5/2015	已完成
洪荒养鱼专业户	第一卷 第三四九章 镜空不空（尾声）	景元上人	2535K	14-04-17	已完成
逆天升级	正文 第375章 游戏创造者（全书完）	野白菜	3316K	12/12/2029	已完成
星光时代	正文 后记	忧郁的青蛙	2845K	13-01-06	已完成
唯我独尊	正文 第九百五十六章 唯我不变（大结局）	小刀锋利	8557K	12/9/2001	已完成
未来军医	第五卷 第六百六十五章	胜己	5186K	12/5/2002	已完成
大明王侯	第三卷 水深波浪阔 完本感言	贼眉鼠眼	3435K	12/9/2025	已完成
另类杀手艳福星	第八卷 麻烦不断 后记：	天涯孤星	2618K	13-02-01	已完成
布衣官道	正文 第一千二百六十五章 一个传奇…… T	寂寞读南华	9894K	12/5/2005	已完成
黑锅	作品相关 新书《香色倾城》已于五月九日上传。	常书欣	4694K	12/5/2009	已完成
洪荒玄松道	第四章 教化 后记	李色佛	3219K	13-11-25	已完成
混世小农民	正文 新书《官路逍遥》已上传	小农民	4773K	12/5/2007	已完成
通天武皇	卷九 第975章 大结局	寂小贼	6759K	12/5/2007	已完成
国际银行家	正文 新书《国柄》已经上架，请求月票支持！	和佛祖一起打牌	5698K	12/5/2016	已完成
无良皇帝	外篇 大结局 图	傲无常	783K	12/8/2027	已完成
武装风暴	第一卷 六百七十七 我是王动！ 结局	骷髅精灵	4581K	12/5/2003	已完成
网游之盗版神话	网游之盗版神话 第146章我们是神话【大结局】	失落叶	3457K	12/5/2007	已完成
浴火焚神	第二卷 最终章 （结局二）	傲无常	2160K	13-02-01	已完成
大闹西游	正文 第十一章：我想，这就是结局	陈瘦	1295K	13-01-10	已完成
宠物小精灵之精灵猎手	狂龙在野 第四百六十章 火箭队，抉择(完结)	卖女孩的小酸奶	2320K	12/5/2007	已完成
全能炼气士	正文 完本感言，2012的第一天记事	牛肉炖豌豆	4742K	13-01-06	已完成
妻妾成群	正文 大结局【旷北之战，天下太平】终	东门吹牛	5824K	12/5/2007	已完成
重生混元道	第九卷 周成 第九卷周成 第四百七十二章 周成 下《大结局下》【大结局两章都是免费vip】	鱼泪满江	3376K	13-05-29	已完成
生化之我是丧尸	正文 第182章 不是结局的结局	看电视吃瓜子	1892K	12/5/2008	已完成
妖弓	作品相关 新书《光明之翼》	明月夜色	5154K	12/5/2029	已完成
重生一九八五	第二卷 石油计划 啥也不说了!新书上传!!	编织成的梦	8134K	12/5/2007	已完成
极品空间	第一卷 新书发啦	烂笔小秀才	2315K	12/5/2007	已完成
仙遁	正文 第二百九十八章 封禁 终结	蛇吞鲸	2809K	13-12-04	已完成
斗神	火神残卷 第三百九十三章 大结局	失落叶	2291K	13-07-10	已完成
龙翔都市	正文 第568章的决战（大结局）	夜的邂逅	3922K	12/5/2004	已完成
精武门	正文 卧虎功、金刚铁板桥三D图解与求助	格斗家	1757K	13-01-08	已完成
农夫山田有眼泉	正文 新书上传	一步穿杨	1640K	12/5/2007	已完成
凌天传说	第七部 第九十六章 大结局（三）	风凌天下	5126K	12/5/2004	已完成
极道龙尊	历练之旅 算是感言吧！	血魂天下	1581K	12/5/2018	已完成
偷天	第一卷 完本感言	血红	8551K	12/5/2012	已完成
重生之科技巅峰	正文 后记（终结章）	急冻人	4050K	12/5/2004	已完成
随身领取升级礼包	第三卷 缉仙卫指挥使 完本感言	微笑向暖02	3420K	13-01-06	已完成
无限恐怖	第三十七集 生化终战（二） 第十七章：原暗对洪荒……终结与开始（二）	zhttty	5360K	12/5/2003	已完成
邪风曲	第一卷 第511章 大破灭后一曲邪风(大结局)	血红	5975K	12/5/2003	已完成
穿越之弄潮者	正文 四百四十章 见	作爱枫林	2385K	12/10/2018	已完成
机动风暴	第二卷 第六百六十九章 神话	骷髅精灵	5799K	12/5/2003	已完成
修神	第三卷 无上玄阳 本人新作《君仙》―【修体炼魄，以力证道】	风起闲云	6528K	12/9/2023	已完成
空速星痕	正文 尾声	唐家三少	3427K	12/5/2003	已完成
至尊医仙	正文 第448章 彻底的疯狂（全书完）	落地为仙	3875K	13-02-28	已完成
无限群芳谱	第十卷 无限之光 本人新书直通车	蛊真人	2407K	12/5/2007	已完成
疯狂维修工	正文 732 大结局	权心权意	3369K	14-03-25	已完成
重生之玩物人生	正文 第三百二十三章 大结局――完	尝谕	2846K	12/5/2003	已完成
国企风流	正文 国企将不日出版，请大大们支持！！！	同舟共济	3615K	12/5/2007	已完成
足球之谁是王者	第一卷 第三百六十六章 大结局(烂尾)	风再起时	4082K	12/8/2007	已完成
戒指也疯狂	激情 第五百六十五章 结局：大被同眠	四排长	14938K	12/5/2011	已完成
致命武力之新世界	第五卷 鹿鼎记 772 我输了，我赢了，还有……――大结局(下)	实在没选择	5498K	12/7/2004	已完成
重生之官道	正文 第八篇 (完结）	录事参军	10368K	12/5/2005	已完成
界王	第一卷 第三百二十五章 幸福（完本）	骷髅精灵	2809K	12/5/2002	已完成
网游之重现神话	正文 第003章(求推荐、收藏)(修)	绛紫色	4246K	12/5/2028	已完成
王牌进化	正文 第九十章 大结局	卷土	8727K	12/5/2003	已完成
超级吸收	第一卷 第454章 无尽的传说（大结局）	曾经拥有的方向感	3203K	12/5/2004	已完成
中国龙组	正文 新书《隐龙变》火热上传中	风华爵士	4028K	12/5/1931	已完成
末世超级商人	第一卷 第520章 终章（全书完）	雨水	4292K	12/5/2003	已完成
邪龙道	第三卷 第五百一十章 大崩解！归去！（大结局）	血红	8380K	12/5/2003	已完成
都市之纨绔天才	第三卷 第八百五十九章 终章	九月阳光	5778K	12/5/2002	已完成
飞升之后	第二卷 神魔之战 终章 三位一体【大结局】（二）	皇甫奇	7093K	12/5/2003	已完成
无上真身	第四卷 圣月 新书《一剑凌尘》上传！	乘风御剑	4074K	12/5/2007	已完成
武新版红双喜	第三卷 乱世霸主 第338章，终于圆满(大结局)	任怨	5350K	12/9/2025	已完成
龙王的女婿	第二卷 第七百九十三章 圆满（大结局）	龙王的贤婿	5902K	13-10-27	已完成
史上第一掌门	第一卷 武界 后记	冥域天使	6082K	12/5/2002	已完成
一路彩虹	正文 新书《大争之世》公告	月关	3106K	12/5/2015	已完成
超级进化者	第九集 浩瀚神界 第二百五十二章 神核，正神	剑游太虚	1534K	12/5/2002	已完成
泣血的军魂	第六卷 终章 作品完成的话！	恋燕石	2447K	12/5/2006	已完成
官气	第二卷 书后的一些感想	鸿蒙树	12422K	12/5/2014	已完成
财色	第五卷 财富的盛宴 第一千二百二十九章 云不淡，风不清，人未老《终章》	叨狼	12718K	12/5/2005	已完成
超级成长	第一卷 新书《乐皇朝》	天生小人物	4122K	12/5/2007	已完成
人欲	第二卷 小白正传 284、仙踪飞尽羽衣飘（大结局）	徐公子胜治	3418K	13-01-27	已完成
寸芒	第十二集 极点寸芒 第三十七章 极点寸芒 （大结局）	我吃西红柿	4073K	12/5/2002	已完成
调教初唐	正文 白天有事，晚上会有更，报歉	晴了	8772K	13-04-10	已完成
灵罗戒	第一卷 第一千一百一十七章 大结局	夜・水寒	7604K	12/5/2003	已完成
炼宝专家	正文 第三百八十九章 【大结局】	风起闲云	3497K	12/10/2020	已完成
越界	第十五集 终始之卷 第三百章 终与始(下)	牛语者	2211K	13-05-16	已完成
仙鸿路	第四卷 天琴内海 【大结局;终章】	快餐店	9237K	12/5/2003	已完成
混沌雷修	正文 本人新书召唤美女军团已经上传	写字板	6827K	12/5/2009	已完成
网游之无限秒杀	第八部 最终圣战 完本感言及新书导航	忧伤吉他	14765K	12/12/2025	已完成
花仙子养成专家	正文 大结局永恒的真谛	大荒神雷	9931K	12/5/2015	已完成
兴唐	正文 第一百八十章 合(八、大结局)	午后方晴	5653K	12/5/2008	已完成
无限奇迹	第五卷 无双世界的融合 完本了！	怒凉	3605K	12/8/2006	已完成
御医	正文 第1章回国(修改)	夜的邂逅	5686K	12/6/2022	已完成
万字旗下的第三帝国	正文 荣誉新书《汉血》	荣誉与忠诚	2252K	12/5/2007	已完成
卡车风暴	正文 全本感言	赵大顺	2613K	13-12-08	已完成
火影之双狐相伴	正文 关于终于完本的感言	鸣影	2122K	12/5/2007	已完成
韩娱之聆听	正文 结束语	聆听少时	2845K	12/11/2014	已完成
星武战神	第三卷 新书(天窥)已上传	逆流双鱼	1202K	12/5/2007	已完成
未来巨星在都市	第一卷 新书《天娇谱》已上传！	九月阳光	2548K	12/5/2007	已完成
火影之漩涡六道	正文 开新书了！！《火影之漩涡漩涡》	寡欢失途	548K	12/5/2007	已完成
仙王（果核里）	第1卷 完本感言~	果核里	6120K	12/6/2015	已完成
重生1994之足坛风云Ⅱ	第五卷 飞龙在天 新书上传，绿茵彗星，请求支持！	郭怒	7013K	12/5/2007	已完成
张三丰弟子现代生活录	第一卷 结束感言和新书预告	断桥残雪	4481K	12/5/2014	已完成
异世之东方黑龙	第四卷 新书《超级魂装》	瞑黯	2285K	12/5/2007	已完成
重生之完美一生	第一卷 第五百一十章 大结局	孓无我	4671K	12/5/2003	已完成
气冲星河	第一卷 气冲星河 结局感谢，以及新书发布！	犁天	7453K	12/9/2019	已完成
大师风流	正文 新书《北斗神童》	青冥	1884K	12/5/2007	已完成
异界之逆天衙内	正文 第0360章 绝代天枭（大结局）	继续倔强	2608K	12/12/2028	已完成
我的老婆是女警	正文 后记 恍若初见	木士	2858K	13-11-25	已完成
重生之我要做太子	正文 太子总结以及新书预告	萧瑟朗	6401K	13-02-19	已完成
娱乐之子	第三卷 远航 世界是个圆 第九十六章 大结局(终)	电力拖动	1178K	12/5/2007	已完成
星御	正文 新书已上传，书名《武碎天辰》	七月火	4198K	12/5/2007	已完成
抗日之铁血远征军	正文 第五百四十三章 结局	骠骑	4266K	13-05-26	已完成
天下	卷九 后记暨完本感言	高月	7088K	12/7/2014	已完成
寻仙卷	正文 第一章，仙之大陆，仙都国	唯易永恒	2260K	12/5/2007	已完成
天下无双	第二卷 完本感言与本人新书推荐	任怨	4712K	13-10-27	已完成
调教太平洋	第六卷 远东第一战 河马新书《辛亥大英雄》求包养中！！	河马散人	8247K	12/5/2015	已完成
强殖战士	正文 新书上传《杀戮王座》，请捧场，砖头也行！	末日教主	1886K	12/5/2007	已完成
暴猿王	第二卷 云州乱 大结局（抱歉）	寂夜惊雷	625K	13-12-10	已完成
星墓	第五卷 【十分重要，闲云拜请】	风起闲云	2410K	12/5/2008	已完成
